/*
Navicat MySQL Data Transfer

Source Server         : localhost_3306
Source Server Version : 50553
Source Host           : localhost:3306
Source Database       : spbootpetc25511wxxcxwsskxt

Target Server Type    : MYSQL
Target Server Version : 50553
File Encoding         : 65001

Date: 2025-05-02 14:11:22
*/

SET FOREIGN_KEY_CHECKS=0;
-- ----------------------------
-- Table structure for `admins`
-- ----------------------------
DROP TABLE IF EXISTS `admins`;
CREATE TABLE `admins` (
  `id` int(10) unsigned NOT NULL AUTO_INCREMENT,
  `username` varchar(50) NOT NULL DEFAULT '' COMMENT '帐号',
  `pwd` varchar(50) NOT NULL DEFAULT '' COMMENT '密码',
  PRIMARY KEY (`id`)
) ENGINE=InnoDB AUTO_INCREMENT=2 DEFAULT CHARSET=utf8mb4 COMMENT='管理员';

-- ----------------------------
-- Records of admins
-- ----------------------------
INSERT INTO `admins` VALUES ('1', 'admin', 'admin');

-- ----------------------------
-- Table structure for `jieyueguihuan`
-- ----------------------------
DROP TABLE IF EXISTS `jieyueguihuan`;
CREATE TABLE `jieyueguihuan` (
  `id` int(10) unsigned NOT NULL AUTO_INCREMENT,
  `tushujieyueid` int(10) unsigned NOT NULL DEFAULT '0' COMMENT '图书借阅id',
  `tushuhao` varchar(50) NOT NULL DEFAULT '' COMMENT '图书号',
  `tushumingcheng` varchar(255) NOT NULL DEFAULT '' COMMENT '图书名称',
  `tushuleibie` int(10) unsigned NOT NULL DEFAULT '0' COMMENT '图书类别',
  `tupian` varchar(255) NOT NULL DEFAULT '' COMMENT '图片',
  `zuozhe` varchar(50) NOT NULL DEFAULT '' COMMENT '作者',
  `chubanshe` varchar(50) NOT NULL DEFAULT '' COMMENT '出版社',
  `jieyuedanhao` varchar(50) NOT NULL DEFAULT '' COMMENT '借阅单号',
  `jieyueshijian` varchar(25) NOT NULL DEFAULT '' COMMENT '借阅时间',
  `xingming` varchar(50) NOT NULL DEFAULT '' COMMENT '姓名',
  `dianhua` varchar(50) NOT NULL DEFAULT '' COMMENT '电话',
  `jieyueyonghu` varchar(50) NOT NULL DEFAULT '' COMMENT '借阅用户',
  `jieyuejine` decimal(10,2) NOT NULL DEFAULT '0.00' COMMENT '借阅金额',
  `guihuanshijian` varchar(25) NOT NULL DEFAULT '' COMMENT '归还时间',
  `shijiguihuanshijian` varchar(25) NOT NULL DEFAULT '' COMMENT '实际归还时间',
  `jieyuetianshu` int(11) NOT NULL DEFAULT '0' COMMENT '借阅天数',
  `jieyuefeiyong` decimal(10,2) NOT NULL DEFAULT '0.00' COMMENT '借阅费用',
  `chaoshifajin` decimal(10,2) NOT NULL DEFAULT '0.00' COMMENT '超时罚金',
  `zongfeiyong` decimal(10,2) NOT NULL DEFAULT '0.00' COMMENT '总费用',
  `shifouzhunshi` varchar(50) NOT NULL DEFAULT '' COMMENT '是否准时',
  `iszf` varchar(10) NOT NULL DEFAULT '否' COMMENT '是否支付',
  PRIMARY KEY (`id`),
  KEY `tushujieyue_index` (`tushujieyueid`),
  KEY `tushuleibie_index` (`tushuleibie`)
) ENGINE=InnoDB AUTO_INCREMENT=9 DEFAULT CHARSET=utf8mb4 COMMENT='借阅归还';

-- ----------------------------
-- Records of jieyueguihuan
-- ----------------------------
INSERT INTO `jieyueguihuan` VALUES ('2', '4', '2104152138024', '沉默的巡游', '1', 'upload/c52728d58639c85392b270f295782adc.png', '东野圭吾', '东京出版社', '050213425661', '2025-05-02 13:42:55', '张丹峰', '13499999999', '999', '10.00', '2025-05-09 13:46:00', '2025-05-07 13:49:00', '5', '50.00', '0.00', '50.00', '准时', '是');
INSERT INTO `jieyueguihuan` VALUES ('3', '3', '2104152143200', '高效执行力', '2', 'upload/4171a0e64a212142b3f11568d01fb37b.png', '老舍', '上海出版社', '050213424656', '2025-05-02 13:42:43', '张丹峰', '13499999999', '999', '10.00', '2025-05-08 13:42:00', '2025-05-04 13:49:00', '2', '20.00', '0.00', '20.00', '准时', '是');
INSERT INTO `jieyueguihuan` VALUES ('5', '1', '2102202016061', '外贸高手', '3', 'upload/50b3c4ee045f7fa9190b627f8a290ea0.png', '老舍', '上海出版', '050213424059', '2025-05-02 13:42:15', '张丹峰', '13499999999', '999', '10.00', '2025-05-04 13:42:00', '2025-05-07 13:49:00', '5', '50.00', '45.00', '95.00', '超时', '是');
INSERT INTO `jieyueguihuan` VALUES ('6', '2', '2104152136532', '解忧杂货店', '5', 'upload/1ed7ea72296aac73c212cfbbae929f45.png', '东野圭吾', '上海出版社', '050213428779', '2025-05-02 13:42:30', '张丹峰', '13499999999', '999', '10.00', '2025-05-07 13:42:00', '2025-05-05 13:50:00', '3', '30.00', '0.00', '30.00', '准时', '是');
INSERT INTO `jieyueguihuan` VALUES ('7', '6', '2104152139071', '贾平凹的独行世界', '6', 'upload/9852f5128406173f5a6fc025ba92d8ac.png', '贾平凹', '北京出版社', '050214066134', '2025-05-02 14:06:35', '勇往直前', '13466666666', '666', '10.00', '2025-05-05 14:06:00', '2025-05-04 14:07:00', '2', '20.00', '0.00', '20.00', '准时', '是');
INSERT INTO `jieyueguihuan` VALUES ('8', '5', '2104152136532', '解忧杂货店', '5', 'upload/1ed7ea72296aac73c212cfbbae929f45.png', '东野圭吾', '上海出版社', '050214067018', '2025-05-02 14:06:16', '勇往直前', '13466666666', '666', '10.00', '2025-05-05 14:07:00', '2025-05-06 14:07:00', '4', '40.00', '15.00', '55.00', '超时', '是');

-- ----------------------------
-- Table structure for `liulanjilu`
-- ----------------------------
DROP TABLE IF EXISTS `liulanjilu`;
CREATE TABLE `liulanjilu` (
  `id` int(10) unsigned NOT NULL AUTO_INCREMENT,
  `tushuxinxiid` int(10) unsigned NOT NULL DEFAULT '0' COMMENT '图书信息id',
  `tushuhao` varchar(50) NOT NULL DEFAULT '' COMMENT '图书号',
  `tushumingcheng` varchar(255) NOT NULL DEFAULT '' COMMENT '图书名称',
  `tushuleibie` int(10) unsigned NOT NULL DEFAULT '0' COMMENT '图书类别',
  `liulanyonghu` varchar(50) NOT NULL DEFAULT '' COMMENT '浏览用户',
  `addtime` timestamp NOT NULL DEFAULT CURRENT_TIMESTAMP COMMENT '浏览时间',
  PRIMARY KEY (`id`),
  KEY `tushuxinxi_index` (`tushuxinxiid`),
  KEY `tushuleibie_index` (`tushuleibie`)
) ENGINE=InnoDB AUTO_INCREMENT=28 DEFAULT CHARSET=utf8mb4 COMMENT='浏览记录';

-- ----------------------------
-- Records of liulanjilu
-- ----------------------------
INSERT INTO `liulanjilu` VALUES ('1', '12', '2102202016061', '外贸高手', '3', '999', '2025-05-02 13:41:11');
INSERT INTO `liulanjilu` VALUES ('2', '12', '2102202016061', '外贸高手', '3', '999', '2025-05-02 13:42:13');
INSERT INTO `liulanjilu` VALUES ('3', '12', '2102202016061', '外贸高手', '3', '999', '2025-05-02 13:42:23');
INSERT INTO `liulanjilu` VALUES ('4', '14', '2104152136532', '解忧杂货店', '5', '999', '2025-05-02 13:42:28');
INSERT INTO `liulanjilu` VALUES ('5', '14', '2104152136532', '解忧杂货店', '5', '999', '2025-05-02 13:42:36');
INSERT INTO `liulanjilu` VALUES ('6', '19', '2104152143200', '高效执行力', '2', '999', '2025-05-02 13:42:41');
INSERT INTO `liulanjilu` VALUES ('7', '19', '2104152143200', '高效执行力', '2', '999', '2025-05-02 13:42:48');
INSERT INTO `liulanjilu` VALUES ('8', '15', '2104152138024', '沉默的巡游', '1', '999', '2025-05-02 13:42:52');
INSERT INTO `liulanjilu` VALUES ('9', '15', '2104152138024', '沉默的巡游', '1', '999', '2025-05-02 13:43:01');
INSERT INTO `liulanjilu` VALUES ('10', '16', '2104152139071', '贾平凹的独行世界', '6', '999', '2025-05-02 13:43:11');
INSERT INTO `liulanjilu` VALUES ('11', '16', '2104152139071', '贾平凹的独行世界', '6', '999', '2025-05-02 13:43:17');
INSERT INTO `liulanjilu` VALUES ('12', '15', '2104152138024', '沉默的巡游', '1', '999', '2025-05-02 13:43:58');
INSERT INTO `liulanjilu` VALUES ('13', '15', '2104152138024', '沉默的巡游', '1', '999', '2025-05-02 13:45:04');
INSERT INTO `liulanjilu` VALUES ('14', '19', '2104152143200', '高效执行力', '2', '666', '2025-05-02 14:05:58');
INSERT INTO `liulanjilu` VALUES ('15', '14', '2104152136532', '解忧杂货店', '5', '666', '2025-05-02 14:06:02');
INSERT INTO `liulanjilu` VALUES ('16', '13', '2104152135233', '墨菲定律', '1', '666', '2025-05-02 14:06:07');
INSERT INTO `liulanjilu` VALUES ('17', '14', '2104152136532', '解忧杂货店', '5', '666', '2025-05-02 14:06:13');
INSERT INTO `liulanjilu` VALUES ('18', '14', '2104152136532', '解忧杂货店', '5', '666', '2025-05-02 14:06:22');
INSERT INTO `liulanjilu` VALUES ('19', '16', '2104152139071', '贾平凹的独行世界', '6', '666', '2025-05-02 14:06:31');
INSERT INTO `liulanjilu` VALUES ('20', '16', '2104152139071', '贾平凹的独行世界', '6', '666', '2025-05-02 14:06:44');
INSERT INTO `liulanjilu` VALUES ('21', '16', '2104152139071', '贾平凹的独行世界', '6', '666', '2025-05-02 14:08:48');
INSERT INTO `liulanjilu` VALUES ('22', '14', '2104152136532', '解忧杂货店', '5', '666', '2025-05-02 14:08:54');
INSERT INTO `liulanjilu` VALUES ('23', '14', '2104152136532', '解忧杂货店', '5', '666', '2025-05-02 14:09:05');
INSERT INTO `liulanjilu` VALUES ('24', '14', '2104152136532', '解忧杂货店', '5', '666', '2025-05-02 14:09:13');
INSERT INTO `liulanjilu` VALUES ('25', '16', '2104152139071', '贾平凹的独行世界', '6', '666', '2025-05-02 14:09:23');
INSERT INTO `liulanjilu` VALUES ('26', '16', '2104152139071', '贾平凹的独行世界', '6', '666', '2025-05-02 14:09:43');
INSERT INTO `liulanjilu` VALUES ('27', '14', '2104152136532', '解忧杂货店', '5', '666', '2025-05-02 14:10:03');

-- ----------------------------
-- Table structure for `lunbotu`
-- ----------------------------
DROP TABLE IF EXISTS `lunbotu`;
CREATE TABLE `lunbotu` (
  `id` int(10) unsigned NOT NULL AUTO_INCREMENT,
  `title` varchar(50) NOT NULL DEFAULT '' COMMENT '标题',
  `image` varchar(255) NOT NULL DEFAULT '' COMMENT '图片',
  `url` varchar(255) NOT NULL DEFAULT '' COMMENT '连接地址',
  PRIMARY KEY (`id`)
) ENGINE=InnoDB AUTO_INCREMENT=4 DEFAULT CHARSET=utf8mb4 COMMENT='轮播图';

-- ----------------------------
-- Records of lunbotu
-- ----------------------------
INSERT INTO `lunbotu` VALUES ('1', '1', '/upload/9a28511d7afe4f1896fe611b375f52f0.png', '#');
INSERT INTO `lunbotu` VALUES ('2', '2', '/upload/623f1dbacad7465bbe6db85792adcb44.png', '#');
INSERT INTO `lunbotu` VALUES ('3', '3', '/upload/008d6b5ce8984a4b82f9cfb83cf645bc.png', '#');

-- ----------------------------
-- Table structure for `pinglun`
-- ----------------------------
DROP TABLE IF EXISTS `pinglun`;
CREATE TABLE `pinglun` (
  `id` int(10) unsigned NOT NULL AUTO_INCREMENT,
  `biao` varchar(50) NOT NULL DEFAULT '' COMMENT '表',
  `biaoid` int(11) NOT NULL DEFAULT '0' COMMENT '表id',
  `biaoti` varchar(255) NOT NULL DEFAULT '' COMMENT '标题',
  `pingfen` int(11) NOT NULL DEFAULT '0' COMMENT '评分',
  `pinglunneirong` text NOT NULL COMMENT '评论内容',
  `pinglunren` varchar(50) NOT NULL DEFAULT '' COMMENT '评论人',
  `addtime` timestamp NOT NULL DEFAULT CURRENT_TIMESTAMP COMMENT '评论时间',
  PRIMARY KEY (`id`)
) ENGINE=InnoDB AUTO_INCREMENT=5 DEFAULT CHARSET=utf8mb4 COMMENT='评论';

-- ----------------------------
-- Records of pinglun
-- ----------------------------
INSERT INTO `pinglun` VALUES ('1', 'tushuxinxi', '15', '沉默的巡游', '5', '地方豆腐乾地方', '999', '2025-05-02 13:43:08');
INSERT INTO `pinglun` VALUES ('2', 'tushuxinxi', '16', '贾平凹的独行世界', '5', '那個環境規劃', '999', '2025-05-02 13:43:18');
INSERT INTO `pinglun` VALUES ('3', 'tushuxinxi', '14', '解忧杂货店', '5', '很好看的一本书', '666', '2025-05-02 14:09:06');
INSERT INTO `pinglun` VALUES ('4', 'tushuxinxi', '16', '贾平凹的独行世界', '5', '一般 不推荐', '666', '2025-05-02 14:09:31');

-- ----------------------------
-- Table structure for `shoucang`
-- ----------------------------
DROP TABLE IF EXISTS `shoucang`;
CREATE TABLE `shoucang` (
  `id` int(10) unsigned NOT NULL AUTO_INCREMENT,
  `username` varchar(50) NOT NULL DEFAULT '' COMMENT '用户',
  `xwid` int(11) NOT NULL DEFAULT '0' COMMENT '关联表id',
  `biao` varchar(50) NOT NULL DEFAULT '' COMMENT '关联表',
  `biaoti` varchar(255) NOT NULL DEFAULT '' COMMENT '标题',
  `addtime` timestamp NOT NULL DEFAULT CURRENT_TIMESTAMP COMMENT '收藏时间',
  PRIMARY KEY (`id`)
) ENGINE=InnoDB AUTO_INCREMENT=9 DEFAULT CHARSET=utf8mb4 COMMENT='收藏';

-- ----------------------------
-- Records of shoucang
-- ----------------------------
INSERT INTO `shoucang` VALUES ('1', '999', '12', 'tushuxinxi', '外贸高手', '2025-05-02 13:41:15');
INSERT INTO `shoucang` VALUES ('2', '999', '14', 'tushuxinxi', '解忧杂货店', '2025-05-02 13:42:38');
INSERT INTO `shoucang` VALUES ('3', '999', '19', 'tushuxinxi', '高效执行力', '2025-05-02 13:42:42');
INSERT INTO `shoucang` VALUES ('4', '999', '15', 'tushuxinxi', '沉默的巡游', '2025-05-02 13:42:54');
INSERT INTO `shoucang` VALUES ('5', '666', '19', 'tushuxinxi', '高效执行力', '2025-05-02 14:05:59');
INSERT INTO `shoucang` VALUES ('6', '666', '14', 'tushuxinxi', '解忧杂货店', '2025-05-02 14:06:04');
INSERT INTO `shoucang` VALUES ('7', '666', '13', 'tushuxinxi', '墨菲定律', '2025-05-02 14:06:08');
INSERT INTO `shoucang` VALUES ('8', '666', '16', 'tushuxinxi', '贾平凹的独行世界', '2025-05-02 14:06:33');

-- ----------------------------
-- Table structure for `tousujianyi`
-- ----------------------------
DROP TABLE IF EXISTS `tousujianyi`;
CREATE TABLE `tousujianyi` (
  `id` int(10) unsigned NOT NULL AUTO_INCREMENT,
  `xingming` varchar(50) NOT NULL DEFAULT '' COMMENT '姓名',
  `lianxidianhua` varchar(50) NOT NULL DEFAULT '' COMMENT '联系电话',
  `fankuileixing` varchar(50) NOT NULL DEFAULT '' COMMENT '反馈类型',
  `fankuineirong` text NOT NULL COMMENT '反馈内容',
  `fankuiyonghu` varchar(50) NOT NULL DEFAULT '' COMMENT '反馈用户',
  `fankuizhuangtai` varchar(50) NOT NULL DEFAULT '' COMMENT '反馈状态',
  `addtime` timestamp NOT NULL DEFAULT CURRENT_TIMESTAMP COMMENT '反馈时间',
  `fankuihuifu` text NOT NULL COMMENT '反馈回复',
  `huifushijian` varchar(25) NOT NULL DEFAULT '' COMMENT '回复时间',
  PRIMARY KEY (`id`)
) ENGINE=InnoDB AUTO_INCREMENT=3 DEFAULT CHARSET=utf8mb4 COMMENT='投诉建议';

-- ----------------------------
-- Records of tousujianyi
-- ----------------------------
INSERT INTO `tousujianyi` VALUES ('1', '张丹峰', '13499999999', '投诉', '地方鬼地方个地方', '999', '已回复', '2025-05-02 13:38:57', '法国恢复规划法规', '2025-05-02 13:40:26');
INSERT INTO `tousujianyi` VALUES ('2', '勇往直前', '13466666666', '建议', '电饭锅电饭锅电饭锅地方啊实打实大师地方鬼地方个地方', '666', '已回复', '2025-05-02 14:05:29', '电饭锅电饭锅电饭锅地方个SSD', '2025-05-02 14:05:42');

-- ----------------------------
-- Table structure for `tushubaosun`
-- ----------------------------
DROP TABLE IF EXISTS `tushubaosun`;
CREATE TABLE `tushubaosun` (
  `id` int(10) unsigned NOT NULL AUTO_INCREMENT,
  `tushuxinxiid` int(10) unsigned NOT NULL DEFAULT '0' COMMENT '图书信息id',
  `tushuhao` varchar(50) NOT NULL DEFAULT '' COMMENT '图书号',
  `tushumingcheng` varchar(255) NOT NULL DEFAULT '' COMMENT '图书名称',
  `tushuleibie` int(10) unsigned NOT NULL DEFAULT '0' COMMENT '图书类别',
  `baosunbianhao` varchar(50) NOT NULL DEFAULT '' COMMENT '报损编号',
  `baosunshuliang` int(11) NOT NULL DEFAULT '0' COMMENT '报损数量',
  `baosunshuoming` varchar(255) NOT NULL DEFAULT '' COMMENT '报损说明',
  `jingshouren` varchar(50) NOT NULL DEFAULT '' COMMENT '经手人',
  `addtime` timestamp NOT NULL DEFAULT CURRENT_TIMESTAMP COMMENT '报损时间',
  PRIMARY KEY (`id`),
  KEY `tushuxinxi_index` (`tushuxinxiid`),
  KEY `tushuleibie_index` (`tushuleibie`)
) ENGINE=InnoDB AUTO_INCREMENT=3 DEFAULT CHARSET=utf8mb4 COMMENT='图书报损';

-- ----------------------------
-- Records of tushubaosun
-- ----------------------------
INSERT INTO `tushubaosun` VALUES ('1', '20', '2104152144400', '费曼学习法', '6', '050213326374', '2', '1111', 'admin', '2025-05-02 13:32:32');
INSERT INTO `tushubaosun` VALUES ('2', '19', '2104152143200', '高效执行力', '2', '050214037607', '1', '豆腐乾豆腐乾地方', 'admin', '2025-05-02 14:03:36');

-- ----------------------------
-- Table structure for `tushucaigou`
-- ----------------------------
DROP TABLE IF EXISTS `tushucaigou`;
CREATE TABLE `tushucaigou` (
  `id` int(10) unsigned NOT NULL AUTO_INCREMENT,
  `tushuxinxiid` int(10) unsigned NOT NULL DEFAULT '0' COMMENT '图书信息id',
  `tushuhao` varchar(50) NOT NULL DEFAULT '' COMMENT '图书号',
  `tushumingcheng` varchar(255) NOT NULL DEFAULT '' COMMENT '图书名称',
  `tushuleibie` int(10) unsigned NOT NULL DEFAULT '0' COMMENT '图书类别',
  `caigoubianhao` varchar(50) NOT NULL DEFAULT '' COMMENT '采购编号',
  `gongyingshang` varchar(50) NOT NULL DEFAULT '' COMMENT '供应商',
  `caigoujiage` decimal(10,2) NOT NULL DEFAULT '0.00' COMMENT '采购价格',
  `caigoushuliang` int(11) NOT NULL DEFAULT '0' COMMENT '采购数量',
  `caigouxiaoji` decimal(10,2) NOT NULL DEFAULT '0.00' COMMENT '采购小计',
  `caigoubeizhu` text NOT NULL COMMENT '采购备注',
  `jingshouren` varchar(50) NOT NULL DEFAULT '' COMMENT '经手人',
  `addtime` timestamp NOT NULL DEFAULT CURRENT_TIMESTAMP COMMENT '采购时间',
  PRIMARY KEY (`id`),
  KEY `tushuxinxi_index` (`tushuxinxiid`),
  KEY `tushuleibie_index` (`tushuleibie`)
) ENGINE=InnoDB AUTO_INCREMENT=3 DEFAULT CHARSET=utf8mb4 COMMENT='图书采购';

-- ----------------------------
-- Records of tushucaigou
-- ----------------------------
INSERT INTO `tushucaigou` VALUES ('1', '19', '2104152143200', '高效执行力', '2', '050213325634', 'A', '12.00', '20', '240.00', '111', 'admin', '2025-05-02 13:32:40');
INSERT INTO `tushucaigou` VALUES ('2', '18', '2104152142014', '不拘一格', '1', '050214037067', 'A', '10.00', '2', '20.00', 'XX', 'admin', '2025-05-02 14:03:49');

-- ----------------------------
-- Table structure for `tushujieyue`
-- ----------------------------
DROP TABLE IF EXISTS `tushujieyue`;
CREATE TABLE `tushujieyue` (
  `id` int(10) unsigned NOT NULL AUTO_INCREMENT,
  `tushuxinxiid` int(10) unsigned NOT NULL DEFAULT '0' COMMENT '图书信息id',
  `tushuhao` varchar(50) NOT NULL DEFAULT '' COMMENT '图书号',
  `tushumingcheng` varchar(255) NOT NULL DEFAULT '' COMMENT '图书名称',
  `tushuleibie` int(10) unsigned NOT NULL DEFAULT '0' COMMENT '图书类别',
  `tupian` varchar(255) NOT NULL DEFAULT '' COMMENT '图片',
  `zuozhe` varchar(50) NOT NULL DEFAULT '' COMMENT '作者',
  `chubanshe` varchar(50) NOT NULL DEFAULT '' COMMENT '出版社',
  `jieyuejine` decimal(10,2) NOT NULL DEFAULT '0.00' COMMENT '借阅金额',
  `jieyuedanhao` varchar(50) NOT NULL DEFAULT '' COMMENT '借阅单号',
  `jieyueshijian` varchar(25) NOT NULL DEFAULT '' COMMENT '借阅时间',
  `guihuanshijian` varchar(25) NOT NULL DEFAULT '' COMMENT '归还时间',
  `xingming` varchar(50) NOT NULL DEFAULT '' COMMENT '姓名',
  `dianhua` varchar(50) NOT NULL DEFAULT '' COMMENT '电话',
  `jieyueyonghu` varchar(50) NOT NULL DEFAULT '' COMMENT '借阅用户',
  `jieyuezhuangtai` varchar(50) NOT NULL DEFAULT '' COMMENT '借阅状态',
  PRIMARY KEY (`id`),
  KEY `tushuxinxi_index` (`tushuxinxiid`),
  KEY `tushuleibie_index` (`tushuleibie`)
) ENGINE=InnoDB AUTO_INCREMENT=7 DEFAULT CHARSET=utf8mb4 COMMENT='图书借阅';

-- ----------------------------
-- Records of tushujieyue
-- ----------------------------
INSERT INTO `tushujieyue` VALUES ('1', '12', '2102202016061', '外贸高手', '3', 'upload/50b3c4ee045f7fa9190b627f8a290ea0.png', '老舍', '上海出版', '10.00', '050213424059', '2025-05-02 13:42:15', '2025-05-04 13:42:00', '张丹峰', '13499999999', '999', '已归还');
INSERT INTO `tushujieyue` VALUES ('2', '14', '2104152136532', '解忧杂货店', '5', 'upload/1ed7ea72296aac73c212cfbbae929f45.png', '东野圭吾', '上海出版社', '10.00', '050213428779', '2025-05-02 13:42:30', '2025-05-07 13:42:00', '张丹峰', '13499999999', '999', '已归还');
INSERT INTO `tushujieyue` VALUES ('3', '19', '2104152143200', '高效执行力', '2', 'upload/4171a0e64a212142b3f11568d01fb37b.png', '老舍', '上海出版社', '10.00', '050213424656', '2025-05-02 13:42:43', '2025-05-08 13:42:00', '张丹峰', '13499999999', '999', '已归还');
INSERT INTO `tushujieyue` VALUES ('4', '15', '2104152138024', '沉默的巡游', '1', 'upload/c52728d58639c85392b270f295782adc.png', '东野圭吾', '东京出版社', '10.00', '050213425661', '2025-05-02 13:42:55', '2025-05-09 13:46:00', '张丹峰', '13499999999', '999', '已归还');
INSERT INTO `tushujieyue` VALUES ('5', '14', '2104152136532', '解忧杂货店', '5', 'upload/1ed7ea72296aac73c212cfbbae929f45.png', '东野圭吾', '上海出版社', '10.00', '050214067018', '2025-05-02 14:06:16', '2025-05-05 14:07:00', '勇往直前', '13466666666', '666', '已归还');
INSERT INTO `tushujieyue` VALUES ('6', '16', '2104152139071', '贾平凹的独行世界', '6', 'upload/9852f5128406173f5a6fc025ba92d8ac.png', '贾平凹', '北京出版社', '10.00', '050214066134', '2025-05-02 14:06:35', '2025-05-05 14:06:00', '勇往直前', '13466666666', '666', '已归还');

-- ----------------------------
-- Table structure for `tushuxinxi`
-- ----------------------------
DROP TABLE IF EXISTS `tushuxinxi`;
CREATE TABLE `tushuxinxi` (
  `id` int(10) unsigned NOT NULL AUTO_INCREMENT,
  `tushuhao` varchar(50) NOT NULL DEFAULT '' COMMENT '图书号',
  `tushumingcheng` varchar(255) NOT NULL DEFAULT '' COMMENT '图书名称',
  `tushuleibie` int(10) unsigned NOT NULL DEFAULT '0' COMMENT '图书类别',
  `tupian` varchar(255) NOT NULL DEFAULT '' COMMENT '图片',
  `jieyuejine` decimal(10,2) NOT NULL DEFAULT '0.00' COMMENT '借阅金额',
  `tushukucun` int(11) NOT NULL DEFAULT '0' COMMENT '图书库存',
  `isbnhao` varchar(50) NOT NULL DEFAULT '' COMMENT 'ISBN号',
  `zuozhe` varchar(50) NOT NULL DEFAULT '' COMMENT '作者',
  `chubanshe` varchar(50) NOT NULL DEFAULT '' COMMENT '出版社',
  `jieyuecishu` int(11) NOT NULL DEFAULT '0' COMMENT '借阅次数',
  `jianjie` longtext NOT NULL COMMENT '简介',
  PRIMARY KEY (`id`),
  KEY `tushuleibie_index` (`tushuleibie`)
) ENGINE=InnoDB AUTO_INCREMENT=21 DEFAULT CHARSET=utf8mb4 COMMENT='图书信息';

-- ----------------------------
-- Records of tushuxinxi
-- ----------------------------
INSERT INTO `tushuxinxi` VALUES ('12', '2102202016061', '外贸高手', '3', 'upload/50b3c4ee045f7fa9190b627f8a290ea0.png', '10.00', '50', '012800', '老舍', '上海出版', '1', '<div id=\"desc3\" style=\"margin: 0px; padding: 0px; color: rgb(117, 117, 117); font-family: pingfangSC; font-size: 14px; font-style: normal; font-variant-ligatures: normal; font-variant-caps: normal; font-weight: 400; letter-spacing: normal; orphans: 2; text-align: start; text-indent: 0px; text-transform: none; widows: 2; word-spacing: 0px; -webkit-text-stroke-width: 0px; white-space: normal; background-color: rgb(255, 255, 255); text-decoration-thickness: initial; text-decoration-style: initial; text-decoration-color: initial;\">\n<div style=\"margin: 0px; padding: 0px; height: 25px; border-bottom: 3px solid rgb(228, 57, 60);\">\n<h3 style=\"margin: 0px; padding: 0px 0px 0px 20px; font-size: 14px; font-weight: bold; margin-block: 1em; margin-inline: 0px; line-height: 28px; width: 69px; height: 25px; overflow: hidden; color: rgb(255, 255, 255); background: url(\'data:image.jpg.avif;base64,/9j/4AAQSkZJRgABAQEAYABgAAD/4QBmRXhpZgAATU0AKgAAAAgABgESAAMAAAABAAEAAAMBAAUAAAABAAAAVgMDAAEAAAABAAAAAFEQAAEAAAABAQAAAFERAAQAAAABAAAOxFESAAQAAAABAAAOxAAAAAAAAYagAACxj//bAEMAAgEBAgEBAgICAgICAgIDBQMDAwMDBgQEAwUHBgcHBwYHBwgJCwkICAoIBwcKDQoKCwwMDAwHCQ4PDQwOCwwMDP/bAEMBAgICAwMDBgMDBgwIBwgMDAwMDAwMDAwMDAwMDAwMDAwMDAwMDAwMDAwMDAwMDAwMDAwMDAwMDAwMDAwMDAwMDP/AABEIABAACwMBIgACEQEDEQH/xAAfAAABBQEBAQEBAQAAAAAAAAAAAQIDBAUGBwgJCgv/xAC1EAACAQMDAgQDBQUEBAAAAX0BAgMABBEFEiExQQYTUWEHInEUMoGRoQgjQrHBFVLR8CQzYnKCCQoWFxgZGiUmJygpKjQ1Njc4OTpDREVGR0hJSlNUVVZXWFlaY2RlZmdoaWpzdHV2d3h5eoOEhYaHiImKkpOUlZaXmJmaoqOkpaanqKmqsrO0tba3uLm6wsPExcbHyMnK0tPU1dbX2Nna4eLj5OXm5+jp6vHy8/T19vf4+fr/xAAfAQADAQEBAQEBAQEBAAAAAAAAAQIDBAUGBwgJCgv/xAC1EQACAQIEBAMEBwUEBAABAncAAQIDEQQFITEGEkFRB2FxEyIygQgUQpGhscEJIzNS8BVictEKFiQ04SXxFxgZGiYnKCkqNTY3ODk6Q0RFRkdISUpTVFVWV1hZWmNkZWZnaGlqc3R1dnd4eXqCg4SFhoeIiYqSk5SVlpeYmZqio6Slpqeoqaqys7S1tre4ubrCw8TFxsfIycrS09TV1tfY2dri4+Tl5ufo6ery8/T19vf4+fr/2gAMAwEAAhEDEQA/AP1q/aE/aS0Xx5PY+H9Iv9U/suyvL2516RIZLSPUbWyimWS2hd9jzqbjyi3k7o5EidWZo3ZW9Q/ZY8N6h4S+AXhy21W6+03txFJfsgne4jskuZnuI7SOR+Xit0lWBGwoKQqQqDCL8V6Nq2v+DtQsvDPimw8TaifC+qT3c+nW2nveX1y8HnPE1tCkT3BieQKVIfa0YkOVtz5Y+uv2Qfh/eeCPgBpNhDBP4dsjd6hdWGmvZ+Q1nZz39xNbIYnAeHEEkf7llVovuFVKlR/PHhnn2e5txnmVfOsPOEVTUKbXOqMYwqzXLaWjqzUoyk0tFHTR2P0TiTLKGDyyFGjJW507782k/euktbWurWs466a//9k=\') 0px 0px no-repeat rgb(228, 57, 60);\">编辑推荐</h3>\n</div>\n<div style=\"margin: 0px; padding: 0px; line-height: 24px; font-size: 14px;\">\n<p style=\"margin: 0px; padding: 0px;\">&nbsp; &nbsp; ◆以诺贝尔物理学奖获得者理查德&amp;middot;费曼命名的费曼学习法是目前被实践验证过的、公认的，极其有效的学习方法，简单有效，适用于各年龄、各阶段、各学科的学习与复习。</p>\n<p style=\"margin: 0px; padding: 0px;\">&nbsp; &nbsp; ◆作者彼得&amp;middot;霍林斯是著名心理学家、脑科学家。他善于将脑科学、心理学、行为科学等专业的前沿理论知识与实践方法应用在学习领域，曾出版包括《思维模型：建立高品质思维的30种模型》在内的多部畅销书。</p>\n<p style=\"margin: 0px; padding: 0px;\">&nbsp; &nbsp; ◆本书不仅深入浅出地介绍了费曼学习法及其具体的实施步骤，还提供了26种具体学习方法，涵盖理解、提问、记忆、遗忘、信息提取、学习误区等内容，贯穿整个学习过程，为读者提供丰富而有效的技巧与方法。</p>\n<p style=\"margin: 0px; padding: 0px;\">&nbsp; &nbsp; ◆本书为读者提供包括费曼学习法在内的27个高级学习模型，帮助读者改善学习态度，提高学习能力。让思维可视化，让学习可量化，让记忆更牢固，让进步看得见。</p>\n<p style=\"margin: 0px; padding: 0px;\">&nbsp;</p>\n</div>\n</div>\n<div id=\"desc3\" style=\"margin: 0px; padding: 0px; color: rgb(117, 117, 117); font-family: pingfangSC; font-size: 14px; font-style: normal; font-variant-ligatures: normal; font-variant-caps: normal; font-weight: 400; letter-spacing: normal; orphans: 2; text-align: start; text-indent: 0px; text-transform: none; widows: 2; word-spacing: 0px; -webkit-text-stroke-width: 0px; white-space: normal; background-color: rgb(255, 255, 255); text-decoration-thickness: initial; text-decoration-style: initial; text-decoration-color: initial;\">\n<div style=\"margin: 0px; padding: 0px; height: 25px; border-bottom: 3px solid rgb(228, 57, 60);\">\n<h3 style=\"margin: 0px; padding: 0px 0px 0px 20px; font-size: 14px; font-weight: bold; margin-block: 1em; margin-inline: 0px; line-height: 28px; width: 69px; height: 25px; overflow: hidden; color: rgb(255, 255, 255); background: url(\'data:image.jpg.avif;base64,/9j/4AAQSkZJRgABAQEAYABgAAD/4QBmRXhpZgAATU0AKgAAAAgABgESAAMAAAABAAEAAAMBAAUAAAABAAAAVgMDAAEAAAABAAAAAFEQAAEAAAABAQAAAFERAAQAAAABAAAOxFESAAQAAAABAAAOxAAAAAAAAYagAACxj//bAEMAAgEBAgEBAgICAgICAgIDBQMDAwMDBgQEAwUHBgcHBwYHBwgJCwkICAoIBwcKDQoKCwwMDAwHCQ4PDQwOCwwMDP/bAEMBAgICAwMDBgMDBgwIBwgMDAwMDAwMDAwMDAwMDAwMDAwMDAwMDAwMDAwMDAwMDAwMDAwMDAwMDAwMDAwMDAwMDP/AABEIABAACwMBIgACEQEDEQH/xAAfAAABBQEBAQEBAQAAAAAAAAAAAQIDBAUGBwgJCgv/xAC1EAACAQMDAgQDBQUEBAAAAX0BAgMABBEFEiExQQYTUWEHInEUMoGRoQgjQrHBFVLR8CQzYnKCCQoWFxgZGiUmJygpKjQ1Njc4OTpDREVGR0hJSlNUVVZXWFlaY2RlZmdoaWpzdHV2d3h5eoOEhYaHiImKkpOUlZaXmJmaoqOkpaanqKmqsrO0tba3uLm6wsPExcbHyMnK0tPU1dbX2Nna4eLj5OXm5+jp6vHy8/T19vf4+fr/xAAfAQADAQEBAQEBAQEBAAAAAAAAAQIDBAUGBwgJCgv/xAC1EQACAQIEBAMEBwUEBAABAncAAQIDEQQFITEGEkFRB2FxEyIygQgUQpGhscEJIzNS8BVictEKFiQ04SXxFxgZGiYnKCkqNTY3ODk6Q0RFRkdISUpTVFVWV1hZWmNkZWZnaGlqc3R1dnd4eXqCg4SFhoeIiYqSk5SVlpeYmZqio6Slpqeoqaqys7S1tre4ubrCw8TFxsfIycrS09TV1tfY2dri4+Tl5ufo6ery8/T19vf4+fr/2gAMAwEAAhEDEQA/AP1q/aE/aS0Xx5PY+H9Iv9U/suyvL2516RIZLSPUbWyimWS2hd9jzqbjyi3k7o5EidWZo3ZW9Q/ZY8N6h4S+AXhy21W6+03txFJfsgne4jskuZnuI7SOR+Xit0lWBGwoKQqQqDCL8V6Nq2v+DtQsvDPimw8TaifC+qT3c+nW2nveX1y8HnPE1tCkT3BieQKVIfa0YkOVtz5Y+uv2Qfh/eeCPgBpNhDBP4dsjd6hdWGmvZ+Q1nZz39xNbIYnAeHEEkf7llVovuFVKlR/PHhnn2e5txnmVfOsPOEVTUKbXOqMYwqzXLaWjqzUoyk0tFHTR2P0TiTLKGDyyFGjJW507782k/euktbWurWs466a//9k=\') 0px 0px no-repeat rgb(228, 57, 60);\">内容简介</h3>\n</div>\n<div style=\"margin: 0px; padding: 0px; line-height: 24px; font-size: 14px;\">\n<p style=\"margin: 0px; padding: 0px;\">&nbsp; &nbsp; 费曼学习法因诺贝尔奖得主、物理学家理查德&amp;middot;费曼而得名。理查德&amp;middot;费曼被认为是爱因斯坦之后Zui睿智的理论物理学家，也是第一位提出纳米概念的人。他在教学科研、美学艺术等众多领域都取得了举世瞩目的伟大成就，他的学习方法被称为&ldquo;费曼学习法&rdquo;，并广为流传。</p>\n<p style=\"margin: 0px; padding: 0px;\">&nbsp; &nbsp; 费曼学习法，能验证学习者是否真正掌握了知识，能够帮助学习者提高知识的吸收效率，真正理解并学会运用知识。费曼学习法要求学习者在学习时，能用直白浅显的语言把复杂深奥的问题或知识讲清楚，促使学习者进入积极主动的学习状态，发现知识的重难点，而后达到融会贯通的境界。</p>\n<p style=\"margin: 0px; padding: 0px;\">&nbsp; &nbsp; 费曼学习法是目前被实践验证过的、公认的，极其有效的学习方法。简单有效，适用于各年龄、各阶段、各学科的学习与复习。</p>\n<p style=\"margin: 0px; padding: 0px;\">&nbsp;</p>\n</div>\n</div>\n<div id=\"desc3\" style=\"margin: 0px; padding: 0px; color: rgb(117, 117, 117); font-family: pingfangSC; font-size: 14px; font-style: normal; font-variant-ligatures: normal; font-variant-caps: normal; font-weight: 400; letter-spacing: normal; orphans: 2; text-align: start; text-indent: 0px; text-transform: none; widows: 2; word-spacing: 0px; -webkit-text-stroke-width: 0px; white-space: normal; background-color: rgb(255, 255, 255); text-decoration-thickness: initial; text-decoration-style: initial; text-decoration-color: initial;\">\n<div style=\"margin: 0px; padding: 0px; height: 25px; border-bottom: 3px solid rgb(228, 57, 60);\">\n<h3 style=\"margin: 0px; padding: 0px 0px 0px 20px; font-size: 14px; font-weight: bold; margin-block: 1em; margin-inline: 0px; line-height: 28px; width: 69px; height: 25px; overflow: hidden; color: rgb(255, 255, 255); background: url(\'data:image.jpg.avif;base64,/9j/4AAQSkZJRgABAQEAYABgAAD/4QBmRXhpZgAATU0AKgAAAAgABgESAAMAAAABAAEAAAMBAAUAAAABAAAAVgMDAAEAAAABAAAAAFEQAAEAAAABAQAAAFERAAQAAAABAAAOxFESAAQAAAABAAAOxAAAAAAAAYagAACxj//bAEMAAgEBAgEBAgICAgICAgIDBQMDAwMDBgQEAwUHBgcHBwYHBwgJCwkICAoIBwcKDQoKCwwMDAwHCQ4PDQwOCwwMDP/bAEMBAgICAwMDBgMDBgwIBwgMDAwMDAwMDAwMDAwMDAwMDAwMDAwMDAwMDAwMDAwMDAwMDAwMDAwMDAwMDAwMDAwMDP/AABEIABAACwMBIgACEQEDEQH/xAAfAAABBQEBAQEBAQAAAAAAAAAAAQIDBAUGBwgJCgv/xAC1EAACAQMDAgQDBQUEBAAAAX0BAgMABBEFEiExQQYTUWEHInEUMoGRoQgjQrHBFVLR8CQzYnKCCQoWFxgZGiUmJygpKjQ1Njc4OTpDREVGR0hJSlNUVVZXWFlaY2RlZmdoaWpzdHV2d3h5eoOEhYaHiImKkpOUlZaXmJmaoqOkpaanqKmqsrO0tba3uLm6wsPExcbHyMnK0tPU1dbX2Nna4eLj5OXm5+jp6vHy8/T19vf4+fr/xAAfAQADAQEBAQEBAQEBAAAAAAAAAQIDBAUGBwgJCgv/xAC1EQACAQIEBAMEBwUEBAABAncAAQIDEQQFITEGEkFRB2FxEyIygQgUQpGhscEJIzNS8BVictEKFiQ04SXxFxgZGiYnKCkqNTY3ODk6Q0RFRkdISUpTVFVWV1hZWmNkZWZnaGlqc3R1dnd4eXqCg4SFhoeIiYqSk5SVlpeYmZqio6Slpqeoqaqys7S1tre4ubrCw8TFxsfIycrS09TV1tfY2dri4+Tl5ufo6ery8/T19vf4+fr/2gAMAwEAAhEDEQA/AP1q/aE/aS0Xx5PY+H9Iv9U/suyvL2516RIZLSPUbWyimWS2hd9jzqbjyi3k7o5EidWZo3ZW9Q/ZY8N6h4S+AXhy21W6+03txFJfsgne4jskuZnuI7SOR+Xit0lWBGwoKQqQqDCL8V6Nq2v+DtQsvDPimw8TaifC+qT3c+nW2nveX1y8HnPE1tCkT3BieQKVIfa0YkOVtz5Y+uv2Qfh/eeCPgBpNhDBP4dsjd6hdWGmvZ+Q1nZz39xNbIYnAeHEEkf7llVovuFVKlR/PHhnn2e5txnmVfOsPOEVTUKbXOqMYwqzXLaWjqzUoyk0tFHTR2P0TiTLKGDyyFGjJW507782k/euktbWurWs466a//9k=\') 0px 0px no-repeat rgb(228, 57, 60);\">前言序言</h3>\n</div>\n<div style=\"margin: 0px; padding: 0px; line-height: 24px; font-size: 14px;\">\n<p style=\"margin: 0px; padding: 0px;\">&nbsp; &nbsp; 对我来说，学习从来都不是件容易的事，这也是为什么，从幼儿园，到高中毕业，再到大学，我一直都是一个平庸的学生。</p>\n<p style=\"margin: 0px; padding: 0px;\">&nbsp; &nbsp; 甚至连我的父母，好像也察觉了我没有成为好学生的天分，转而开始表扬我的&ldquo;生活智慧&rdquo;，或者我的手工多么厉害。在我看来，这是因为他们实在是没办法赞美我的学习成绩，不得不绞尽脑汁，找些别的优点对我予以肯定和鼓励。</p>\n<p style=\"margin: 0px; padding: 0px;\">&nbsp; &nbsp; 但我从未像其他孩子那样，因为自己的成绩平平而感到挣扎或难过。有些孩子，可能在看到班上其他人名列前茅时，感到沮丧或嫉妒，但我不会。我认为，每个人都可以作出自己的贡献，成绩不一定是衡量个人价值的唯一标准。</p>\n<p style=\"margin: 0px; padding: 0px;\">&nbsp; &nbsp; 我知道，当我还是一个小孩子的时候，能够拥有这样的见解，可谓颇有见地。然而，从很多方面来看，这种说法也会导致令人难以置信的误导。</p>\n<p style=\"margin: 0px; padding: 0px;\">&nbsp; &nbsp; 但Zui终，事实证明我是对的，成绩并不是唯一重要的。在某种程度上一个人的人生取决于他所掌握的知识，但只关注掌握的多少，会让人□得十分功利。学习的概念&mdash;&mdash;理解、回忆和运用新知识的能力&mdash;&mdash;才是真正重要的东西，并决定我们在事业、人际关系和生活中，Zui终可以达到什么样的高度。事实上，这种能力可能会成为我们人生的Zui重要的能力，决定人生的Zui终成就，无视你是否在出生时就站在了更有优势的起跑线上。</p>\n<p style=\"margin: 0px; padding: 0px;\">&nbsp; &nbsp; 如果你有能力快速地学习，一步一个脚印地走下去，你将发现全新的机遇。这些机遇，是你在被无法理解的东西困住的情况下，永远也不会看到的；你也会具备主导生活方向的能力，因为导致你无法追求理想生活的唯一障碍，就是你的学习能力！</p>\n<p style=\"margin: 0px; padding: 0px;\">&nbsp; &nbsp; 我从自己的第一份工作中，深刻地体会到这一点。当时，我有个搭档名叫约翰，我比他早几个星期入职。在他入职后，我很快发现他在简历上造假，并且靠蒙混过关通过了面试，他根本不知道具体的工作职责是什么，也不知道如何使用所有人都应该熟悉掌握的行业标准软件。</p>\n<p style=\"margin: 0px; padding: 0px;\">&nbsp; &nbsp; 一开始，我非常愤怒，并且想要揭发他。但后来发生了一件有趣的事情，让我打消了此念头&mdash;&mdash;约翰是一个超级学习者。他的办公桌上贴满了便利贴、记事本上写满了笔记，而且似乎为自己准备了无数套三步骤的工作模式。他的学习动力和劲头令人惊叹，短短几个月后，他就熟练掌握了入职时完全不懂的所有东西，并且业绩水平已经与我不相上下。</p>\n<p style=\"margin: 0px; padding: 0px;\">&nbsp; &nbsp; 当然，他可能是通过蒙骗的手段得到了这份工作，但到了这个阶段，我和他之间，已经没有实际的区别。他在短时间内掌握了工作所需的所有技能，并借此成功地在公司继续工作了数年。可以说，约翰给我上了很重要的一课，让我对学习的过程和价值产生了一个清醒的认识。</p>\n<p style=\"margin: 0px; padding: 0px;\">&nbsp; &nbsp; 学习是这样一件事：</p>\n<p style=\"margin: 0px; padding: 0px;\">&nbsp; &nbsp; 过程：学习的过程并不如想象般艰难，而且一定存在久经考验的学习方法，帮助人们取得更好的学习效果。毕竟，那些取得了比我更优异成绩的孩子，也不是个个都比我更聪明，不是吗？</p>\n<p style=\"margin: 0px; padding: 0px;\">&nbsp; &nbsp; 价值：学习的价值就在于它能够帮助我们打开无数可能的大门。学习的价值已经超乎了我个人的想象。它能够运用到工作、日常生活、兴趣爱好以及人生的方方面面，学习能够帮助我，成为想要成为的人。</p>\n<p style=\"margin: 0px; padding: 0px;\">&nbsp; &nbsp; 到底什么是学习（抛开其学术层面的定义）？学习就是创造自己想要的生活；学习是让自己□得更好的唯一途径；学习也是每个人能够拥有的Zui基本的一项技能。如果我们不会学习，又将如何改善自己的现状呢？</p>\n<p style=\"margin: 0px; padding: 0px;\">&nbsp; &nbsp; 因此，欢迎阅读这本书，在这里，你将Zui终学会如何学习！</p>\n</div>\n</div>');
INSERT INTO `tushuxinxi` VALUES ('13', '2104152135233', '墨菲定律', '1', 'upload/5eeb04c43b328badaed5cbc780703b7d.png', '10.00', '50', '012801', '张三', '上海出版社', '0', '<div class=\"p-parameter\">\n<ul class=\"parameter2 p-parameter-list\">\n<li title=\"古吴轩出版社\">\n<div id=\"desc3\" style=\"margin: 0px; padding: 0px; color: rgb(117, 117, 117); font-family: pingfangSC; font-size: 14px; font-style: normal; font-variant-ligatures: normal; font-variant-caps: normal; font-weight: 400; letter-spacing: normal; orphans: 2; text-align: start; text-indent: 0px; text-transform: none; widows: 2; word-spacing: 0px; -webkit-text-stroke-width: 0px; white-space: normal; background-color: rgb(255, 255, 255); text-decoration-thickness: initial; text-decoration-style: initial; text-decoration-color: initial;\">\n<div style=\"margin: 0px; padding: 0px; height: 25px; border-bottom: 3px solid rgb(228, 57, 60);\">\n<h3 style=\"margin: 0px; padding: 0px 0px 0px 20px; font-size: 14px; font-weight: bold; margin-block: 1em; margin-inline: 0px; line-height: 28px; width: 69px; height: 25px; overflow: hidden; color: rgb(255, 255, 255); background: url(\'data:image.jpg.avif;base64,/9j/4AAQSkZJRgABAQEAYABgAAD/4QBmRXhpZgAATU0AKgAAAAgABgESAAMAAAABAAEAAAMBAAUAAAABAAAAVgMDAAEAAAABAAAAAFEQAAEAAAABAQAAAFERAAQAAAABAAAOxFESAAQAAAABAAAOxAAAAAAAAYagAACxj//bAEMAAgEBAgEBAgICAgICAgIDBQMDAwMDBgQEAwUHBgcHBwYHBwgJCwkICAoIBwcKDQoKCwwMDAwHCQ4PDQwOCwwMDP/bAEMBAgICAwMDBgMDBgwIBwgMDAwMDAwMDAwMDAwMDAwMDAwMDAwMDAwMDAwMDAwMDAwMDAwMDAwMDAwMDAwMDAwMDP/AABEIABAACwMBIgACEQEDEQH/xAAfAAABBQEBAQEBAQAAAAAAAAAAAQIDBAUGBwgJCgv/xAC1EAACAQMDAgQDBQUEBAAAAX0BAgMABBEFEiExQQYTUWEHInEUMoGRoQgjQrHBFVLR8CQzYnKCCQoWFxgZGiUmJygpKjQ1Njc4OTpDREVGR0hJSlNUVVZXWFlaY2RlZmdoaWpzdHV2d3h5eoOEhYaHiImKkpOUlZaXmJmaoqOkpaanqKmqsrO0tba3uLm6wsPExcbHyMnK0tPU1dbX2Nna4eLj5OXm5+jp6vHy8/T19vf4+fr/xAAfAQADAQEBAQEBAQEBAAAAAAAAAQIDBAUGBwgJCgv/xAC1EQACAQIEBAMEBwUEBAABAncAAQIDEQQFITEGEkFRB2FxEyIygQgUQpGhscEJIzNS8BVictEKFiQ04SXxFxgZGiYnKCkqNTY3ODk6Q0RFRkdISUpTVFVWV1hZWmNkZWZnaGlqc3R1dnd4eXqCg4SFhoeIiYqSk5SVlpeYmZqio6Slpqeoqaqys7S1tre4ubrCw8TFxsfIycrS09TV1tfY2dri4+Tl5ufo6ery8/T19vf4+fr/2gAMAwEAAhEDEQA/AP1q/aE/aS0Xx5PY+H9Iv9U/suyvL2516RIZLSPUbWyimWS2hd9jzqbjyi3k7o5EidWZo3ZW9Q/ZY8N6h4S+AXhy21W6+03txFJfsgne4jskuZnuI7SOR+Xit0lWBGwoKQqQqDCL8V6Nq2v+DtQsvDPimw8TaifC+qT3c+nW2nveX1y8HnPE1tCkT3BieQKVIfa0YkOVtz5Y+uv2Qfh/eeCPgBpNhDBP4dsjd6hdWGmvZ+Q1nZz39xNbIYnAeHEEkf7llVovuFVKlR/PHhnn2e5txnmVfOsPOEVTUKbXOqMYwqzXLaWjqzUoyk0tFHTR2P0TiTLKGDyyFGjJW507782k/euktbWurWs466a//9k=\') 0px 0px no-repeat rgb(228, 57, 60);\">编辑推荐</h3>\n</div>\n<div style=\"margin: 0px; padding: 0px; line-height: 24px; font-size: 14px;\">\n<p style=\"margin: 0px; padding: 0px;\">&nbsp; &nbsp; ◆以诺贝尔物理学奖获得者理查德&amp;middot;费曼命名的费曼学习法是目前被实践验证过的、公认的，极其有效的学习方法，简单有效，适用于各年龄、各阶段、各学科的学习与复习。</p>\n<p style=\"margin: 0px; padding: 0px;\">&nbsp; &nbsp; ◆作者彼得&amp;middot;霍林斯是著名心理学家、脑科学家。他善于将脑科学、心理学、行为科学等专业的前沿理论知识与实践方法应用在学习领域，曾出版包括《思维模型：建立高品质思维的30种模型》在内的多部畅销书。</p>\n<p style=\"margin: 0px; padding: 0px;\">&nbsp; &nbsp; ◆本书不仅深入浅出地介绍了费曼学习法及其具体的实施步骤，还提供了26种具体学习方法，涵盖理解、提问、记忆、遗忘、信息提取、学习误区等内容，贯穿整个学习过程，为读者提供丰富而有效的技巧与方法。</p>\n<p style=\"margin: 0px; padding: 0px;\">&nbsp; &nbsp; ◆本书为读者提供包括费曼学习法在内的27个高级学习模型，帮助读者改善学习态度，提高学习能力。让思维可视化，让学习可量化，让记忆更牢固，让进步看得见。</p>\n<p style=\"margin: 0px; padding: 0px;\">&nbsp;</p>\n</div>\n</div>\n<div id=\"desc3\" style=\"margin: 0px; padding: 0px; color: rgb(117, 117, 117); font-family: pingfangSC; font-size: 14px; font-style: normal; font-variant-ligatures: normal; font-variant-caps: normal; font-weight: 400; letter-spacing: normal; orphans: 2; text-align: start; text-indent: 0px; text-transform: none; widows: 2; word-spacing: 0px; -webkit-text-stroke-width: 0px; white-space: normal; background-color: rgb(255, 255, 255); text-decoration-thickness: initial; text-decoration-style: initial; text-decoration-color: initial;\">\n<div style=\"margin: 0px; padding: 0px; height: 25px; border-bottom: 3px solid rgb(228, 57, 60);\">\n<h3 style=\"margin: 0px; padding: 0px 0px 0px 20px; font-size: 14px; font-weight: bold; margin-block: 1em; margin-inline: 0px; line-height: 28px; width: 69px; height: 25px; overflow: hidden; color: rgb(255, 255, 255); background: url(\'data:image.jpg.avif;base64,/9j/4AAQSkZJRgABAQEAYABgAAD/4QBmRXhpZgAATU0AKgAAAAgABgESAAMAAAABAAEAAAMBAAUAAAABAAAAVgMDAAEAAAABAAAAAFEQAAEAAAABAQAAAFERAAQAAAABAAAOxFESAAQAAAABAAAOxAAAAAAAAYagAACxj//bAEMAAgEBAgEBAgICAgICAgIDBQMDAwMDBgQEAwUHBgcHBwYHBwgJCwkICAoIBwcKDQoKCwwMDAwHCQ4PDQwOCwwMDP/bAEMBAgICAwMDBgMDBgwIBwgMDAwMDAwMDAwMDAwMDAwMDAwMDAwMDAwMDAwMDAwMDAwMDAwMDAwMDAwMDAwMDAwMDP/AABEIABAACwMBIgACEQEDEQH/xAAfAAABBQEBAQEBAQAAAAAAAAAAAQIDBAUGBwgJCgv/xAC1EAACAQMDAgQDBQUEBAAAAX0BAgMABBEFEiExQQYTUWEHInEUMoGRoQgjQrHBFVLR8CQzYnKCCQoWFxgZGiUmJygpKjQ1Njc4OTpDREVGR0hJSlNUVVZXWFlaY2RlZmdoaWpzdHV2d3h5eoOEhYaHiImKkpOUlZaXmJmaoqOkpaanqKmqsrO0tba3uLm6wsPExcbHyMnK0tPU1dbX2Nna4eLj5OXm5+jp6vHy8/T19vf4+fr/xAAfAQADAQEBAQEBAQEBAAAAAAAAAQIDBAUGBwgJCgv/xAC1EQACAQIEBAMEBwUEBAABAncAAQIDEQQFITEGEkFRB2FxEyIygQgUQpGhscEJIzNS8BVictEKFiQ04SXxFxgZGiYnKCkqNTY3ODk6Q0RFRkdISUpTVFVWV1hZWmNkZWZnaGlqc3R1dnd4eXqCg4SFhoeIiYqSk5SVlpeYmZqio6Slpqeoqaqys7S1tre4ubrCw8TFxsfIycrS09TV1tfY2dri4+Tl5ufo6ery8/T19vf4+fr/2gAMAwEAAhEDEQA/AP1q/aE/aS0Xx5PY+H9Iv9U/suyvL2516RIZLSPUbWyimWS2hd9jzqbjyi3k7o5EidWZo3ZW9Q/ZY8N6h4S+AXhy21W6+03txFJfsgne4jskuZnuI7SOR+Xit0lWBGwoKQqQqDCL8V6Nq2v+DtQsvDPimw8TaifC+qT3c+nW2nveX1y8HnPE1tCkT3BieQKVIfa0YkOVtz5Y+uv2Qfh/eeCPgBpNhDBP4dsjd6hdWGmvZ+Q1nZz39xNbIYnAeHEEkf7llVovuFVKlR/PHhnn2e5txnmVfOsPOEVTUKbXOqMYwqzXLaWjqzUoyk0tFHTR2P0TiTLKGDyyFGjJW507782k/euktbWurWs466a//9k=\') 0px 0px no-repeat rgb(228, 57, 60);\">内容简介</h3>\n</div>\n<div style=\"margin: 0px; padding: 0px; line-height: 24px; font-size: 14px;\">\n<p style=\"margin: 0px; padding: 0px;\">&nbsp; &nbsp; 费曼学习法因诺贝尔奖得主、物理学家理查德&amp;middot;费曼而得名。理查德&amp;middot;费曼被认为是爱因斯坦之后Zui睿智的理论物理学家，也是第一位提出纳米概念的人。他在教学科研、美学艺术等众多领域都取得了举世瞩目的伟大成就，他的学习方法被称为&ldquo;费曼学习法&rdquo;，并广为流传。</p>\n<p style=\"margin: 0px; padding: 0px;\">&nbsp; &nbsp; 费曼学习法，能验证学习者是否真正掌握了知识，能够帮助学习者提高知识的吸收效率，真正理解并学会运用知识。费曼学习法要求学习者在学习时，能用直白浅显的语言把复杂深奥的问题或知识讲清楚，促使学习者进入积极主动的学习状态，发现知识的重难点，而后达到融会贯通的境界。</p>\n<p style=\"margin: 0px; padding: 0px;\">&nbsp; &nbsp; 费曼学习法是目前被实践验证过的、公认的，极其有效的学习方法。简单有效，适用于各年龄、各阶段、各学科的学习与复习。</p>\n<p style=\"margin: 0px; padding: 0px;\">&nbsp;</p>\n</div>\n</div>\n<div id=\"desc3\" style=\"margin: 0px; padding: 0px; color: rgb(117, 117, 117); font-family: pingfangSC; font-size: 14px; font-style: normal; font-variant-ligatures: normal; font-variant-caps: normal; font-weight: 400; letter-spacing: normal; orphans: 2; text-align: start; text-indent: 0px; text-transform: none; widows: 2; word-spacing: 0px; -webkit-text-stroke-width: 0px; white-space: normal; background-color: rgb(255, 255, 255); text-decoration-thickness: initial; text-decoration-style: initial; text-decoration-color: initial;\">\n<div style=\"margin: 0px; padding: 0px; height: 25px; border-bottom: 3px solid rgb(228, 57, 60);\">\n<h3 style=\"margin: 0px; padding: 0px 0px 0px 20px; font-size: 14px; font-weight: bold; margin-block: 1em; margin-inline: 0px; line-height: 28px; width: 69px; height: 25px; overflow: hidden; color: rgb(255, 255, 255); background: url(\'data:image.jpg.avif;base64,/9j/4AAQSkZJRgABAQEAYABgAAD/4QBmRXhpZgAATU0AKgAAAAgABgESAAMAAAABAAEAAAMBAAUAAAABAAAAVgMDAAEAAAABAAAAAFEQAAEAAAABAQAAAFERAAQAAAABAAAOxFESAAQAAAABAAAOxAAAAAAAAYagAACxj//bAEMAAgEBAgEBAgICAgICAgIDBQMDAwMDBgQEAwUHBgcHBwYHBwgJCwkICAoIBwcKDQoKCwwMDAwHCQ4PDQwOCwwMDP/bAEMBAgICAwMDBgMDBgwIBwgMDAwMDAwMDAwMDAwMDAwMDAwMDAwMDAwMDAwMDAwMDAwMDAwMDAwMDAwMDAwMDAwMDP/AABEIABAACwMBIgACEQEDEQH/xAAfAAABBQEBAQEBAQAAAAAAAAAAAQIDBAUGBwgJCgv/xAC1EAACAQMDAgQDBQUEBAAAAX0BAgMABBEFEiExQQYTUWEHInEUMoGRoQgjQrHBFVLR8CQzYnKCCQoWFxgZGiUmJygpKjQ1Njc4OTpDREVGR0hJSlNUVVZXWFlaY2RlZmdoaWpzdHV2d3h5eoOEhYaHiImKkpOUlZaXmJmaoqOkpaanqKmqsrO0tba3uLm6wsPExcbHyMnK0tPU1dbX2Nna4eLj5OXm5+jp6vHy8/T19vf4+fr/xAAfAQADAQEBAQEBAQEBAAAAAAAAAQIDBAUGBwgJCgv/xAC1EQACAQIEBAMEBwUEBAABAncAAQIDEQQFITEGEkFRB2FxEyIygQgUQpGhscEJIzNS8BVictEKFiQ04SXxFxgZGiYnKCkqNTY3ODk6Q0RFRkdISUpTVFVWV1hZWmNkZWZnaGlqc3R1dnd4eXqCg4SFhoeIiYqSk5SVlpeYmZqio6Slpqeoqaqys7S1tre4ubrCw8TFxsfIycrS09TV1tfY2dri4+Tl5ufo6ery8/T19vf4+fr/2gAMAwEAAhEDEQA/AP1q/aE/aS0Xx5PY+H9Iv9U/suyvL2516RIZLSPUbWyimWS2hd9jzqbjyi3k7o5EidWZo3ZW9Q/ZY8N6h4S+AXhy21W6+03txFJfsgne4jskuZnuI7SOR+Xit0lWBGwoKQqQqDCL8V6Nq2v+DtQsvDPimw8TaifC+qT3c+nW2nveX1y8HnPE1tCkT3BieQKVIfa0YkOVtz5Y+uv2Qfh/eeCPgBpNhDBP4dsjd6hdWGmvZ+Q1nZz39xNbIYnAeHEEkf7llVovuFVKlR/PHhnn2e5txnmVfOsPOEVTUKbXOqMYwqzXLaWjqzUoyk0tFHTR2P0TiTLKGDyyFGjJW507782k/euktbWurWs466a//9k=\') 0px 0px no-repeat rgb(228, 57, 60);\">前言序言</h3>\n</div>\n<div style=\"margin: 0px; padding: 0px; line-height: 24px; font-size: 14px;\">\n<p style=\"margin: 0px; padding: 0px;\">&nbsp; &nbsp; 对我来说，学习从来都不是件容易的事，这也是为什么，从幼儿园，到高中毕业，再到大学，我一直都是一个平庸的学生。</p>\n<p style=\"margin: 0px; padding: 0px;\">&nbsp; &nbsp; 甚至连我的父母，好像也察觉了我没有成为好学生的天分，转而开始表扬我的&ldquo;生活智慧&rdquo;，或者我的手工多么厉害。在我看来，这是因为他们实在是没办法赞美我的学习成绩，不得不绞尽脑汁，找些别的优点对我予以肯定和鼓励。</p>\n<p style=\"margin: 0px; padding: 0px;\">&nbsp; &nbsp; 但我从未像其他孩子那样，因为自己的成绩平平而感到挣扎或难过。有些孩子，可能在看到班上其他人名列前茅时，感到沮丧或嫉妒，但我不会。我认为，每个人都可以作出自己的贡献，成绩不一定是衡量个人价值的唯一标准。</p>\n<p style=\"margin: 0px; padding: 0px;\">&nbsp; &nbsp; 我知道，当我还是一个小孩子的时候，能够拥有这样的见解，可谓颇有见地。然而，从很多方面来看，这种说法也会导致令人难以置信的误导。</p>\n<p style=\"margin: 0px; padding: 0px;\">&nbsp; &nbsp; 但Zui终，事实证明我是对的，成绩并不是唯一重要的。在某种程度上一个人的人生取决于他所掌握的知识，但只关注掌握的多少，会让人□得十分功利。学习的概念&mdash;&mdash;理解、回忆和运用新知识的能力&mdash;&mdash;才是真正重要的东西，并决定我们在事业、人际关系和生活中，Zui终可以达到什么样的高度。事实上，这种能力可能会成为我们人生的Zui重要的能力，决定人生的Zui终成就，无视你是否在出生时就站在了更有优势的起跑线上。</p>\n<p style=\"margin: 0px; padding: 0px;\">&nbsp; &nbsp; 如果你有能力快速地学习，一步一个脚印地走下去，你将发现全新的机遇。这些机遇，是你在被无法理解的东西困住的情况下，永远也不会看到的；你也会具备主导生活方向的能力，因为导致你无法追求理想生活的唯一障碍，就是你的学习能力！</p>\n<p style=\"margin: 0px; padding: 0px;\">&nbsp; &nbsp; 我从自己的第一份工作中，深刻地体会到这一点。当时，我有个搭档名叫约翰，我比他早几个星期入职。在他入职后，我很快发现他在简历上造假，并且靠蒙混过关通过了面试，他根本不知道具体的工作职责是什么，也不知道如何使用所有人都应该熟悉掌握的行业标准软件。</p>\n<p style=\"margin: 0px; padding: 0px;\">&nbsp; &nbsp; 一开始，我非常愤怒，并且想要揭发他。但后来发生了一件有趣的事情，让我打消了此念头&mdash;&mdash;约翰是一个超级学习者。他的办公桌上贴满了便利贴、记事本上写满了笔记，而且似乎为自己准备了无数套三步骤的工作模式。他的学习动力和劲头令人惊叹，短短几个月后，他就熟练掌握了入职时完全不懂的所有东西，并且业绩水平已经与我不相上下。</p>\n<p style=\"margin: 0px; padding: 0px;\">&nbsp; &nbsp; 当然，他可能是通过蒙骗的手段得到了这份工作，但到了这个阶段，我和他之间，已经没有实际的区别。他在短时间内掌握了工作所需的所有技能，并借此成功地在公司继续工作了数年。可以说，约翰给我上了很重要的一课，让我对学习的过程和价值产生了一个清醒的认识。</p>\n<p style=\"margin: 0px; padding: 0px;\">&nbsp; &nbsp; 学习是这样一件事：</p>\n<p style=\"margin: 0px; padding: 0px;\">&nbsp; &nbsp; 过程：学习的过程并不如想象般艰难，而且一定存在久经考验的学习方法，帮助人们取得更好的学习效果。毕竟，那些取得了比我更优异成绩的孩子，也不是个个都比我更聪明，不是吗？</p>\n<p style=\"margin: 0px; padding: 0px;\">&nbsp; &nbsp; 价值：学习的价值就在于它能够帮助我们打开无数可能的大门。学习的价值已经超乎了我个人的想象。它能够运用到工作、日常生活、兴趣爱好以及人生的方方面面，学习能够帮助我，成为想要成为的人。</p>\n<p style=\"margin: 0px; padding: 0px;\">&nbsp; &nbsp; 到底什么是学习（抛开其学术层面的定义）？学习就是创造自己想要的生活；学习是让自己□得更好的唯一途径；学习也是每个人能够拥有的Zui基本的一项技能。如果我们不会学习，又将如何改善自己的现状呢？</p>\n<p style=\"margin: 0px; padding: 0px;\">&nbsp; &nbsp; 因此，欢迎阅读这本书，在这里，你将Zui终学会如何学习！</p>\n</div>\n</div>\n</li>\n</ul>\n</div>');
INSERT INTO `tushuxinxi` VALUES ('14', '2104152136532', '解忧杂货店', '5', 'upload/1ed7ea72296aac73c212cfbbae929f45.png', '10.00', '50', '012802', '东野圭吾', '上海出版社', '2', '<div id=\"desc3\" style=\"margin: 0px; padding: 0px; color: rgb(117, 117, 117); font-family: pingfangSC; font-size: 14px; font-style: normal; font-variant-ligatures: normal; font-variant-caps: normal; font-weight: 400; letter-spacing: normal; orphans: 2; text-align: start; text-indent: 0px; text-transform: none; widows: 2; word-spacing: 0px; -webkit-text-stroke-width: 0px; white-space: normal; background-color: rgb(255, 255, 255); text-decoration-thickness: initial; text-decoration-style: initial; text-decoration-color: initial;\">\n<div style=\"margin: 0px; padding: 0px; height: 25px; border-bottom: 3px solid rgb(228, 57, 60);\">\n<h3 style=\"margin: 0px; padding: 0px 0px 0px 20px; font-size: 14px; font-weight: bold; margin-block: 1em; margin-inline: 0px; line-height: 28px; width: 69px; height: 25px; overflow: hidden; color: rgb(255, 255, 255); background: url(\'data:image.jpg.avif;base64,/9j/4AAQSkZJRgABAQEAYABgAAD/4QBmRXhpZgAATU0AKgAAAAgABgESAAMAAAABAAEAAAMBAAUAAAABAAAAVgMDAAEAAAABAAAAAFEQAAEAAAABAQAAAFERAAQAAAABAAAOxFESAAQAAAABAAAOxAAAAAAAAYagAACxj//bAEMAAgEBAgEBAgICAgICAgIDBQMDAwMDBgQEAwUHBgcHBwYHBwgJCwkICAoIBwcKDQoKCwwMDAwHCQ4PDQwOCwwMDP/bAEMBAgICAwMDBgMDBgwIBwgMDAwMDAwMDAwMDAwMDAwMDAwMDAwMDAwMDAwMDAwMDAwMDAwMDAwMDAwMDAwMDAwMDP/AABEIABAACwMBIgACEQEDEQH/xAAfAAABBQEBAQEBAQAAAAAAAAAAAQIDBAUGBwgJCgv/xAC1EAACAQMDAgQDBQUEBAAAAX0BAgMABBEFEiExQQYTUWEHInEUMoGRoQgjQrHBFVLR8CQzYnKCCQoWFxgZGiUmJygpKjQ1Njc4OTpDREVGR0hJSlNUVVZXWFlaY2RlZmdoaWpzdHV2d3h5eoOEhYaHiImKkpOUlZaXmJmaoqOkpaanqKmqsrO0tba3uLm6wsPExcbHyMnK0tPU1dbX2Nna4eLj5OXm5+jp6vHy8/T19vf4+fr/xAAfAQADAQEBAQEBAQEBAAAAAAAAAQIDBAUGBwgJCgv/xAC1EQACAQIEBAMEBwUEBAABAncAAQIDEQQFITEGEkFRB2FxEyIygQgUQpGhscEJIzNS8BVictEKFiQ04SXxFxgZGiYnKCkqNTY3ODk6Q0RFRkdISUpTVFVWV1hZWmNkZWZnaGlqc3R1dnd4eXqCg4SFhoeIiYqSk5SVlpeYmZqio6Slpqeoqaqys7S1tre4ubrCw8TFxsfIycrS09TV1tfY2dri4+Tl5ufo6ery8/T19vf4+fr/2gAMAwEAAhEDEQA/AP1q/aE/aS0Xx5PY+H9Iv9U/suyvL2516RIZLSPUbWyimWS2hd9jzqbjyi3k7o5EidWZo3ZW9Q/ZY8N6h4S+AXhy21W6+03txFJfsgne4jskuZnuI7SOR+Xit0lWBGwoKQqQqDCL8V6Nq2v+DtQsvDPimw8TaifC+qT3c+nW2nveX1y8HnPE1tCkT3BieQKVIfa0YkOVtz5Y+uv2Qfh/eeCPgBpNhDBP4dsjd6hdWGmvZ+Q1nZz39xNbIYnAeHEEkf7llVovuFVKlR/PHhnn2e5txnmVfOsPOEVTUKbXOqMYwqzXLaWjqzUoyk0tFHTR2P0TiTLKGDyyFGjJW507782k/euktbWurWs466a//9k=\') 0px 0px no-repeat rgb(228, 57, 60);\">编辑推荐</h3>\n</div>\n<div style=\"margin: 0px; padding: 0px; line-height: 24px; font-size: 14px;\">\n<p style=\"margin: 0px; padding: 0px;\">&nbsp; &nbsp; ◆以诺贝尔物理学奖获得者理查德&amp;middot;费曼命名的费曼学习法是目前被实践验证过的、公认的，极其有效的学习方法，简单有效，适用于各年龄、各阶段、各学科的学习与复习。</p>\n<p style=\"margin: 0px; padding: 0px;\">&nbsp; &nbsp; ◆作者彼得&amp;middot;霍林斯是著名心理学家、脑科学家。他善于将脑科学、心理学、行为科学等专业的前沿理论知识与实践方法应用在学习领域，曾出版包括《思维模型：建立高品质思维的30种模型》在内的多部畅销书。</p>\n<p style=\"margin: 0px; padding: 0px;\">&nbsp; &nbsp; ◆本书不仅深入浅出地介绍了费曼学习法及其具体的实施步骤，还提供了26种具体学习方法，涵盖理解、提问、记忆、遗忘、信息提取、学习误区等内容，贯穿整个学习过程，为读者提供丰富而有效的技巧与方法。</p>\n<p style=\"margin: 0px; padding: 0px;\">&nbsp; &nbsp; ◆本书为读者提供包括费曼学习法在内的27个高级学习模型，帮助读者改善学习态度，提高学习能力。让思维可视化，让学习可量化，让记忆更牢固，让进步看得见。</p>\n<p style=\"margin: 0px; padding: 0px;\">&nbsp;</p>\n</div>\n</div>\n<div id=\"desc3\" style=\"margin: 0px; padding: 0px; color: rgb(117, 117, 117); font-family: pingfangSC; font-size: 14px; font-style: normal; font-variant-ligatures: normal; font-variant-caps: normal; font-weight: 400; letter-spacing: normal; orphans: 2; text-align: start; text-indent: 0px; text-transform: none; widows: 2; word-spacing: 0px; -webkit-text-stroke-width: 0px; white-space: normal; background-color: rgb(255, 255, 255); text-decoration-thickness: initial; text-decoration-style: initial; text-decoration-color: initial;\">\n<div style=\"margin: 0px; padding: 0px; height: 25px; border-bottom: 3px solid rgb(228, 57, 60);\">\n<h3 style=\"margin: 0px; padding: 0px 0px 0px 20px; font-size: 14px; font-weight: bold; margin-block: 1em; margin-inline: 0px; line-height: 28px; width: 69px; height: 25px; overflow: hidden; color: rgb(255, 255, 255); background: url(\'data:image.jpg.avif;base64,/9j/4AAQSkZJRgABAQEAYABgAAD/4QBmRXhpZgAATU0AKgAAAAgABgESAAMAAAABAAEAAAMBAAUAAAABAAAAVgMDAAEAAAABAAAAAFEQAAEAAAABAQAAAFERAAQAAAABAAAOxFESAAQAAAABAAAOxAAAAAAAAYagAACxj//bAEMAAgEBAgEBAgICAgICAgIDBQMDAwMDBgQEAwUHBgcHBwYHBwgJCwkICAoIBwcKDQoKCwwMDAwHCQ4PDQwOCwwMDP/bAEMBAgICAwMDBgMDBgwIBwgMDAwMDAwMDAwMDAwMDAwMDAwMDAwMDAwMDAwMDAwMDAwMDAwMDAwMDAwMDAwMDAwMDP/AABEIABAACwMBIgACEQEDEQH/xAAfAAABBQEBAQEBAQAAAAAAAAAAAQIDBAUGBwgJCgv/xAC1EAACAQMDAgQDBQUEBAAAAX0BAgMABBEFEiExQQYTUWEHInEUMoGRoQgjQrHBFVLR8CQzYnKCCQoWFxgZGiUmJygpKjQ1Njc4OTpDREVGR0hJSlNUVVZXWFlaY2RlZmdoaWpzdHV2d3h5eoOEhYaHiImKkpOUlZaXmJmaoqOkpaanqKmqsrO0tba3uLm6wsPExcbHyMnK0tPU1dbX2Nna4eLj5OXm5+jp6vHy8/T19vf4+fr/xAAfAQADAQEBAQEBAQEBAAAAAAAAAQIDBAUGBwgJCgv/xAC1EQACAQIEBAMEBwUEBAABAncAAQIDEQQFITEGEkFRB2FxEyIygQgUQpGhscEJIzNS8BVictEKFiQ04SXxFxgZGiYnKCkqNTY3ODk6Q0RFRkdISUpTVFVWV1hZWmNkZWZnaGlqc3R1dnd4eXqCg4SFhoeIiYqSk5SVlpeYmZqio6Slpqeoqaqys7S1tre4ubrCw8TFxsfIycrS09TV1tfY2dri4+Tl5ufo6ery8/T19vf4+fr/2gAMAwEAAhEDEQA/AP1q/aE/aS0Xx5PY+H9Iv9U/suyvL2516RIZLSPUbWyimWS2hd9jzqbjyi3k7o5EidWZo3ZW9Q/ZY8N6h4S+AXhy21W6+03txFJfsgne4jskuZnuI7SOR+Xit0lWBGwoKQqQqDCL8V6Nq2v+DtQsvDPimw8TaifC+qT3c+nW2nveX1y8HnPE1tCkT3BieQKVIfa0YkOVtz5Y+uv2Qfh/eeCPgBpNhDBP4dsjd6hdWGmvZ+Q1nZz39xNbIYnAeHEEkf7llVovuFVKlR/PHhnn2e5txnmVfOsPOEVTUKbXOqMYwqzXLaWjqzUoyk0tFHTR2P0TiTLKGDyyFGjJW507782k/euktbWurWs466a//9k=\') 0px 0px no-repeat rgb(228, 57, 60);\">内容简介</h3>\n</div>\n<div style=\"margin: 0px; padding: 0px; line-height: 24px; font-size: 14px;\">\n<p style=\"margin: 0px; padding: 0px;\">&nbsp; &nbsp; 费曼学习法因诺贝尔奖得主、物理学家理查德&amp;middot;费曼而得名。理查德&amp;middot;费曼被认为是爱因斯坦之后Zui睿智的理论物理学家，也是第一位提出纳米概念的人。他在教学科研、美学艺术等众多领域都取得了举世瞩目的伟大成就，他的学习方法被称为&ldquo;费曼学习法&rdquo;，并广为流传。</p>\n<p style=\"margin: 0px; padding: 0px;\">&nbsp; &nbsp; 费曼学习法，能验证学习者是否真正掌握了知识，能够帮助学习者提高知识的吸收效率，真正理解并学会运用知识。费曼学习法要求学习者在学习时，能用直白浅显的语言把复杂深奥的问题或知识讲清楚，促使学习者进入积极主动的学习状态，发现知识的重难点，而后达到融会贯通的境界。</p>\n<p style=\"margin: 0px; padding: 0px;\">&nbsp; &nbsp; 费曼学习法是目前被实践验证过的、公认的，极其有效的学习方法。简单有效，适用于各年龄、各阶段、各学科的学习与复习。</p>\n<p style=\"margin: 0px; padding: 0px;\">&nbsp;</p>\n</div>\n</div>\n<div id=\"desc3\" style=\"margin: 0px; padding: 0px; color: rgb(117, 117, 117); font-family: pingfangSC; font-size: 14px; font-style: normal; font-variant-ligatures: normal; font-variant-caps: normal; font-weight: 400; letter-spacing: normal; orphans: 2; text-align: start; text-indent: 0px; text-transform: none; widows: 2; word-spacing: 0px; -webkit-text-stroke-width: 0px; white-space: normal; background-color: rgb(255, 255, 255); text-decoration-thickness: initial; text-decoration-style: initial; text-decoration-color: initial;\">\n<div style=\"margin: 0px; padding: 0px; height: 25px; border-bottom: 3px solid rgb(228, 57, 60);\">\n<h3 style=\"margin: 0px; padding: 0px 0px 0px 20px; font-size: 14px; font-weight: bold; margin-block: 1em; margin-inline: 0px; line-height: 28px; width: 69px; height: 25px; overflow: hidden; color: rgb(255, 255, 255); background: url(\'data:image.jpg.avif;base64,/9j/4AAQSkZJRgABAQEAYABgAAD/4QBmRXhpZgAATU0AKgAAAAgABgESAAMAAAABAAEAAAMBAAUAAAABAAAAVgMDAAEAAAABAAAAAFEQAAEAAAABAQAAAFERAAQAAAABAAAOxFESAAQAAAABAAAOxAAAAAAAAYagAACxj//bAEMAAgEBAgEBAgICAgICAgIDBQMDAwMDBgQEAwUHBgcHBwYHBwgJCwkICAoIBwcKDQoKCwwMDAwHCQ4PDQwOCwwMDP/bAEMBAgICAwMDBgMDBgwIBwgMDAwMDAwMDAwMDAwMDAwMDAwMDAwMDAwMDAwMDAwMDAwMDAwMDAwMDAwMDAwMDAwMDP/AABEIABAACwMBIgACEQEDEQH/xAAfAAABBQEBAQEBAQAAAAAAAAAAAQIDBAUGBwgJCgv/xAC1EAACAQMDAgQDBQUEBAAAAX0BAgMABBEFEiExQQYTUWEHInEUMoGRoQgjQrHBFVLR8CQzYnKCCQoWFxgZGiUmJygpKjQ1Njc4OTpDREVGR0hJSlNUVVZXWFlaY2RlZmdoaWpzdHV2d3h5eoOEhYaHiImKkpOUlZaXmJmaoqOkpaanqKmqsrO0tba3uLm6wsPExcbHyMnK0tPU1dbX2Nna4eLj5OXm5+jp6vHy8/T19vf4+fr/xAAfAQADAQEBAQEBAQEBAAAAAAAAAQIDBAUGBwgJCgv/xAC1EQACAQIEBAMEBwUEBAABAncAAQIDEQQFITEGEkFRB2FxEyIygQgUQpGhscEJIzNS8BVictEKFiQ04SXxFxgZGiYnKCkqNTY3ODk6Q0RFRkdISUpTVFVWV1hZWmNkZWZnaGlqc3R1dnd4eXqCg4SFhoeIiYqSk5SVlpeYmZqio6Slpqeoqaqys7S1tre4ubrCw8TFxsfIycrS09TV1tfY2dri4+Tl5ufo6ery8/T19vf4+fr/2gAMAwEAAhEDEQA/AP1q/aE/aS0Xx5PY+H9Iv9U/suyvL2516RIZLSPUbWyimWS2hd9jzqbjyi3k7o5EidWZo3ZW9Q/ZY8N6h4S+AXhy21W6+03txFJfsgne4jskuZnuI7SOR+Xit0lWBGwoKQqQqDCL8V6Nq2v+DtQsvDPimw8TaifC+qT3c+nW2nveX1y8HnPE1tCkT3BieQKVIfa0YkOVtz5Y+uv2Qfh/eeCPgBpNhDBP4dsjd6hdWGmvZ+Q1nZz39xNbIYnAeHEEkf7llVovuFVKlR/PHhnn2e5txnmVfOsPOEVTUKbXOqMYwqzXLaWjqzUoyk0tFHTR2P0TiTLKGDyyFGjJW507782k/euktbWurWs466a//9k=\') 0px 0px no-repeat rgb(228, 57, 60);\">前言序言</h3>\n</div>\n<div style=\"margin: 0px; padding: 0px; line-height: 24px; font-size: 14px;\">\n<p style=\"margin: 0px; padding: 0px;\">&nbsp; &nbsp; 对我来说，学习从来都不是件容易的事，这也是为什么，从幼儿园，到高中毕业，再到大学，我一直都是一个平庸的学生。</p>\n<p style=\"margin: 0px; padding: 0px;\">&nbsp; &nbsp; 甚至连我的父母，好像也察觉了我没有成为好学生的天分，转而开始表扬我的&ldquo;生活智慧&rdquo;，或者我的手工多么厉害。在我看来，这是因为他们实在是没办法赞美我的学习成绩，不得不绞尽脑汁，找些别的优点对我予以肯定和鼓励。</p>\n<p style=\"margin: 0px; padding: 0px;\">&nbsp; &nbsp; 但我从未像其他孩子那样，因为自己的成绩平平而感到挣扎或难过。有些孩子，可能在看到班上其他人名列前茅时，感到沮丧或嫉妒，但我不会。我认为，每个人都可以作出自己的贡献，成绩不一定是衡量个人价值的唯一标准。</p>\n<p style=\"margin: 0px; padding: 0px;\">&nbsp; &nbsp; 我知道，当我还是一个小孩子的时候，能够拥有这样的见解，可谓颇有见地。然而，从很多方面来看，这种说法也会导致令人难以置信的误导。</p>\n<p style=\"margin: 0px; padding: 0px;\">&nbsp; &nbsp; 但Zui终，事实证明我是对的，成绩并不是唯一重要的。在某种程度上一个人的人生取决于他所掌握的知识，但只关注掌握的多少，会让人□得十分功利。学习的概念&mdash;&mdash;理解、回忆和运用新知识的能力&mdash;&mdash;才是真正重要的东西，并决定我们在事业、人际关系和生活中，Zui终可以达到什么样的高度。事实上，这种能力可能会成为我们人生的Zui重要的能力，决定人生的Zui终成就，无视你是否在出生时就站在了更有优势的起跑线上。</p>\n<p style=\"margin: 0px; padding: 0px;\">&nbsp; &nbsp; 如果你有能力快速地学习，一步一个脚印地走下去，你将发现全新的机遇。这些机遇，是你在被无法理解的东西困住的情况下，永远也不会看到的；你也会具备主导生活方向的能力，因为导致你无法追求理想生活的唯一障碍，就是你的学习能力！</p>\n<p style=\"margin: 0px; padding: 0px;\">&nbsp; &nbsp; 我从自己的第一份工作中，深刻地体会到这一点。当时，我有个搭档名叫约翰，我比他早几个星期入职。在他入职后，我很快发现他在简历上造假，并且靠蒙混过关通过了面试，他根本不知道具体的工作职责是什么，也不知道如何使用所有人都应该熟悉掌握的行业标准软件。</p>\n<p style=\"margin: 0px; padding: 0px;\">&nbsp; &nbsp; 一开始，我非常愤怒，并且想要揭发他。但后来发生了一件有趣的事情，让我打消了此念头&mdash;&mdash;约翰是一个超级学习者。他的办公桌上贴满了便利贴、记事本上写满了笔记，而且似乎为自己准备了无数套三步骤的工作模式。他的学习动力和劲头令人惊叹，短短几个月后，他就熟练掌握了入职时完全不懂的所有东西，并且业绩水平已经与我不相上下。</p>\n<p style=\"margin: 0px; padding: 0px;\">&nbsp; &nbsp; 当然，他可能是通过蒙骗的手段得到了这份工作，但到了这个阶段，我和他之间，已经没有实际的区别。他在短时间内掌握了工作所需的所有技能，并借此成功地在公司继续工作了数年。可以说，约翰给我上了很重要的一课，让我对学习的过程和价值产生了一个清醒的认识。</p>\n<p style=\"margin: 0px; padding: 0px;\">&nbsp; &nbsp; 学习是这样一件事：</p>\n<p style=\"margin: 0px; padding: 0px;\">&nbsp; &nbsp; 过程：学习的过程并不如想象般艰难，而且一定存在久经考验的学习方法，帮助人们取得更好的学习效果。毕竟，那些取得了比我更优异成绩的孩子，也不是个个都比我更聪明，不是吗？</p>\n<p style=\"margin: 0px; padding: 0px;\">&nbsp; &nbsp; 价值：学习的价值就在于它能够帮助我们打开无数可能的大门。学习的价值已经超乎了我个人的想象。它能够运用到工作、日常生活、兴趣爱好以及人生的方方面面，学习能够帮助我，成为想要成为的人。</p>\n<p style=\"margin: 0px; padding: 0px;\">&nbsp; &nbsp; 到底什么是学习（抛开其学术层面的定义）？学习就是创造自己想要的生活；学习是让自己□得更好的唯一途径；学习也是每个人能够拥有的Zui基本的一项技能。如果我们不会学习，又将如何改善自己的现状呢？</p>\n<p style=\"margin: 0px; padding: 0px;\">&nbsp; &nbsp; 因此，欢迎阅读这本书，在这里，你将Zui终学会如何学习！</p>\n</div>\n</div>');
INSERT INTO `tushuxinxi` VALUES ('15', '2104152138024', '沉默的巡游', '1', 'upload/c52728d58639c85392b270f295782adc.png', '10.00', '50', '012803', '东野圭吾', '东京出版社', '1', '<div id=\"desc3\" style=\"margin: 0px; padding: 0px; color: rgb(117, 117, 117); font-family: pingfangSC; font-size: 14px; font-style: normal; font-variant-ligatures: normal; font-variant-caps: normal; font-weight: 400; letter-spacing: normal; orphans: 2; text-align: start; text-indent: 0px; text-transform: none; widows: 2; word-spacing: 0px; -webkit-text-stroke-width: 0px; white-space: normal; background-color: rgb(255, 255, 255); text-decoration-thickness: initial; text-decoration-style: initial; text-decoration-color: initial;\">\n<div style=\"margin: 0px; padding: 0px; height: 25px; border-bottom: 3px solid rgb(228, 57, 60);\">\n<h3 style=\"margin: 0px; padding: 0px 0px 0px 20px; font-size: 14px; font-weight: bold; margin-block: 1em; margin-inline: 0px; line-height: 28px; width: 69px; height: 25px; overflow: hidden; color: rgb(255, 255, 255); background: url(\'data:image.jpg.avif;base64,/9j/4AAQSkZJRgABAQEAYABgAAD/4QBmRXhpZgAATU0AKgAAAAgABgESAAMAAAABAAEAAAMBAAUAAAABAAAAVgMDAAEAAAABAAAAAFEQAAEAAAABAQAAAFERAAQAAAABAAAOxFESAAQAAAABAAAOxAAAAAAAAYagAACxj//bAEMAAgEBAgEBAgICAgICAgIDBQMDAwMDBgQEAwUHBgcHBwYHBwgJCwkICAoIBwcKDQoKCwwMDAwHCQ4PDQwOCwwMDP/bAEMBAgICAwMDBgMDBgwIBwgMDAwMDAwMDAwMDAwMDAwMDAwMDAwMDAwMDAwMDAwMDAwMDAwMDAwMDAwMDAwMDAwMDP/AABEIABAACwMBIgACEQEDEQH/xAAfAAABBQEBAQEBAQAAAAAAAAAAAQIDBAUGBwgJCgv/xAC1EAACAQMDAgQDBQUEBAAAAX0BAgMABBEFEiExQQYTUWEHInEUMoGRoQgjQrHBFVLR8CQzYnKCCQoWFxgZGiUmJygpKjQ1Njc4OTpDREVGR0hJSlNUVVZXWFlaY2RlZmdoaWpzdHV2d3h5eoOEhYaHiImKkpOUlZaXmJmaoqOkpaanqKmqsrO0tba3uLm6wsPExcbHyMnK0tPU1dbX2Nna4eLj5OXm5+jp6vHy8/T19vf4+fr/xAAfAQADAQEBAQEBAQEBAAAAAAAAAQIDBAUGBwgJCgv/xAC1EQACAQIEBAMEBwUEBAABAncAAQIDEQQFITEGEkFRB2FxEyIygQgUQpGhscEJIzNS8BVictEKFiQ04SXxFxgZGiYnKCkqNTY3ODk6Q0RFRkdISUpTVFVWV1hZWmNkZWZnaGlqc3R1dnd4eXqCg4SFhoeIiYqSk5SVlpeYmZqio6Slpqeoqaqys7S1tre4ubrCw8TFxsfIycrS09TV1tfY2dri4+Tl5ufo6ery8/T19vf4+fr/2gAMAwEAAhEDEQA/AP1q/aE/aS0Xx5PY+H9Iv9U/suyvL2516RIZLSPUbWyimWS2hd9jzqbjyi3k7o5EidWZo3ZW9Q/ZY8N6h4S+AXhy21W6+03txFJfsgne4jskuZnuI7SOR+Xit0lWBGwoKQqQqDCL8V6Nq2v+DtQsvDPimw8TaifC+qT3c+nW2nveX1y8HnPE1tCkT3BieQKVIfa0YkOVtz5Y+uv2Qfh/eeCPgBpNhDBP4dsjd6hdWGmvZ+Q1nZz39xNbIYnAeHEEkf7llVovuFVKlR/PHhnn2e5txnmVfOsPOEVTUKbXOqMYwqzXLaWjqzUoyk0tFHTR2P0TiTLKGDyyFGjJW507782k/euktbWurWs466a//9k=\') 0px 0px no-repeat rgb(228, 57, 60);\">编辑推荐</h3>\n</div>\n<div style=\"margin: 0px; padding: 0px; line-height: 24px; font-size: 14px;\">\n<p style=\"margin: 0px; padding: 0px;\">&nbsp; &nbsp; ◆以诺贝尔物理学奖获得者理查德&amp;middot;费曼命名的费曼学习法是目前被实践验证过的、公认的，极其有效的学习方法，简单有效，适用于各年龄、各阶段、各学科的学习与复习。</p>\n<p style=\"margin: 0px; padding: 0px;\">&nbsp; &nbsp; ◆作者彼得&amp;middot;霍林斯是著名心理学家、脑科学家。他善于将脑科学、心理学、行为科学等专业的前沿理论知识与实践方法应用在学习领域，曾出版包括《思维模型：建立高品质思维的30种模型》在内的多部畅销书。</p>\n<p style=\"margin: 0px; padding: 0px;\">&nbsp; &nbsp; ◆本书不仅深入浅出地介绍了费曼学习法及其具体的实施步骤，还提供了26种具体学习方法，涵盖理解、提问、记忆、遗忘、信息提取、学习误区等内容，贯穿整个学习过程，为读者提供丰富而有效的技巧与方法。</p>\n<p style=\"margin: 0px; padding: 0px;\">&nbsp; &nbsp; ◆本书为读者提供包括费曼学习法在内的27个高级学习模型，帮助读者改善学习态度，提高学习能力。让思维可视化，让学习可量化，让记忆更牢固，让进步看得见。</p>\n<p style=\"margin: 0px; padding: 0px;\">&nbsp;</p>\n</div>\n</div>\n<div id=\"desc3\" style=\"margin: 0px; padding: 0px; color: rgb(117, 117, 117); font-family: pingfangSC; font-size: 14px; font-style: normal; font-variant-ligatures: normal; font-variant-caps: normal; font-weight: 400; letter-spacing: normal; orphans: 2; text-align: start; text-indent: 0px; text-transform: none; widows: 2; word-spacing: 0px; -webkit-text-stroke-width: 0px; white-space: normal; background-color: rgb(255, 255, 255); text-decoration-thickness: initial; text-decoration-style: initial; text-decoration-color: initial;\">\n<div style=\"margin: 0px; padding: 0px; height: 25px; border-bottom: 3px solid rgb(228, 57, 60);\">\n<h3 style=\"margin: 0px; padding: 0px 0px 0px 20px; font-size: 14px; font-weight: bold; margin-block: 1em; margin-inline: 0px; line-height: 28px; width: 69px; height: 25px; overflow: hidden; color: rgb(255, 255, 255); background: url(\'data:image.jpg.avif;base64,/9j/4AAQSkZJRgABAQEAYABgAAD/4QBmRXhpZgAATU0AKgAAAAgABgESAAMAAAABAAEAAAMBAAUAAAABAAAAVgMDAAEAAAABAAAAAFEQAAEAAAABAQAAAFERAAQAAAABAAAOxFESAAQAAAABAAAOxAAAAAAAAYagAACxj//bAEMAAgEBAgEBAgICAgICAgIDBQMDAwMDBgQEAwUHBgcHBwYHBwgJCwkICAoIBwcKDQoKCwwMDAwHCQ4PDQwOCwwMDP/bAEMBAgICAwMDBgMDBgwIBwgMDAwMDAwMDAwMDAwMDAwMDAwMDAwMDAwMDAwMDAwMDAwMDAwMDAwMDAwMDAwMDAwMDP/AABEIABAACwMBIgACEQEDEQH/xAAfAAABBQEBAQEBAQAAAAAAAAAAAQIDBAUGBwgJCgv/xAC1EAACAQMDAgQDBQUEBAAAAX0BAgMABBEFEiExQQYTUWEHInEUMoGRoQgjQrHBFVLR8CQzYnKCCQoWFxgZGiUmJygpKjQ1Njc4OTpDREVGR0hJSlNUVVZXWFlaY2RlZmdoaWpzdHV2d3h5eoOEhYaHiImKkpOUlZaXmJmaoqOkpaanqKmqsrO0tba3uLm6wsPExcbHyMnK0tPU1dbX2Nna4eLj5OXm5+jp6vHy8/T19vf4+fr/xAAfAQADAQEBAQEBAQEBAAAAAAAAAQIDBAUGBwgJCgv/xAC1EQACAQIEBAMEBwUEBAABAncAAQIDEQQFITEGEkFRB2FxEyIygQgUQpGhscEJIzNS8BVictEKFiQ04SXxFxgZGiYnKCkqNTY3ODk6Q0RFRkdISUpTVFVWV1hZWmNkZWZnaGlqc3R1dnd4eXqCg4SFhoeIiYqSk5SVlpeYmZqio6Slpqeoqaqys7S1tre4ubrCw8TFxsfIycrS09TV1tfY2dri4+Tl5ufo6ery8/T19vf4+fr/2gAMAwEAAhEDEQA/AP1q/aE/aS0Xx5PY+H9Iv9U/suyvL2516RIZLSPUbWyimWS2hd9jzqbjyi3k7o5EidWZo3ZW9Q/ZY8N6h4S+AXhy21W6+03txFJfsgne4jskuZnuI7SOR+Xit0lWBGwoKQqQqDCL8V6Nq2v+DtQsvDPimw8TaifC+qT3c+nW2nveX1y8HnPE1tCkT3BieQKVIfa0YkOVtz5Y+uv2Qfh/eeCPgBpNhDBP4dsjd6hdWGmvZ+Q1nZz39xNbIYnAeHEEkf7llVovuFVKlR/PHhnn2e5txnmVfOsPOEVTUKbXOqMYwqzXLaWjqzUoyk0tFHTR2P0TiTLKGDyyFGjJW507782k/euktbWurWs466a//9k=\') 0px 0px no-repeat rgb(228, 57, 60);\">内容简介</h3>\n</div>\n<div style=\"margin: 0px; padding: 0px; line-height: 24px; font-size: 14px;\">\n<p style=\"margin: 0px; padding: 0px;\">&nbsp; &nbsp; 费曼学习法因诺贝尔奖得主、物理学家理查德&amp;middot;费曼而得名。理查德&amp;middot;费曼被认为是爱因斯坦之后Zui睿智的理论物理学家，也是第一位提出纳米概念的人。他在教学科研、美学艺术等众多领域都取得了举世瞩目的伟大成就，他的学习方法被称为&ldquo;费曼学习法&rdquo;，并广为流传。</p>\n<p style=\"margin: 0px; padding: 0px;\">&nbsp; &nbsp; 费曼学习法，能验证学习者是否真正掌握了知识，能够帮助学习者提高知识的吸收效率，真正理解并学会运用知识。费曼学习法要求学习者在学习时，能用直白浅显的语言把复杂深奥的问题或知识讲清楚，促使学习者进入积极主动的学习状态，发现知识的重难点，而后达到融会贯通的境界。</p>\n<p style=\"margin: 0px; padding: 0px;\">&nbsp; &nbsp; 费曼学习法是目前被实践验证过的、公认的，极其有效的学习方法。简单有效，适用于各年龄、各阶段、各学科的学习与复习。</p>\n<p style=\"margin: 0px; padding: 0px;\">&nbsp;</p>\n</div>\n</div>\n<div id=\"desc3\" style=\"margin: 0px; padding: 0px; color: rgb(117, 117, 117); font-family: pingfangSC; font-size: 14px; font-style: normal; font-variant-ligatures: normal; font-variant-caps: normal; font-weight: 400; letter-spacing: normal; orphans: 2; text-align: start; text-indent: 0px; text-transform: none; widows: 2; word-spacing: 0px; -webkit-text-stroke-width: 0px; white-space: normal; background-color: rgb(255, 255, 255); text-decoration-thickness: initial; text-decoration-style: initial; text-decoration-color: initial;\">\n<div style=\"margin: 0px; padding: 0px; height: 25px; border-bottom: 3px solid rgb(228, 57, 60);\">\n<h3 style=\"margin: 0px; padding: 0px 0px 0px 20px; font-size: 14px; font-weight: bold; margin-block: 1em; margin-inline: 0px; line-height: 28px; width: 69px; height: 25px; overflow: hidden; color: rgb(255, 255, 255); background: url(\'data:image.jpg.avif;base64,/9j/4AAQSkZJRgABAQEAYABgAAD/4QBmRXhpZgAATU0AKgAAAAgABgESAAMAAAABAAEAAAMBAAUAAAABAAAAVgMDAAEAAAABAAAAAFEQAAEAAAABAQAAAFERAAQAAAABAAAOxFESAAQAAAABAAAOxAAAAAAAAYagAACxj//bAEMAAgEBAgEBAgICAgICAgIDBQMDAwMDBgQEAwUHBgcHBwYHBwgJCwkICAoIBwcKDQoKCwwMDAwHCQ4PDQwOCwwMDP/bAEMBAgICAwMDBgMDBgwIBwgMDAwMDAwMDAwMDAwMDAwMDAwMDAwMDAwMDAwMDAwMDAwMDAwMDAwMDAwMDAwMDAwMDP/AABEIABAACwMBIgACEQEDEQH/xAAfAAABBQEBAQEBAQAAAAAAAAAAAQIDBAUGBwgJCgv/xAC1EAACAQMDAgQDBQUEBAAAAX0BAgMABBEFEiExQQYTUWEHInEUMoGRoQgjQrHBFVLR8CQzYnKCCQoWFxgZGiUmJygpKjQ1Njc4OTpDREVGR0hJSlNUVVZXWFlaY2RlZmdoaWpzdHV2d3h5eoOEhYaHiImKkpOUlZaXmJmaoqOkpaanqKmqsrO0tba3uLm6wsPExcbHyMnK0tPU1dbX2Nna4eLj5OXm5+jp6vHy8/T19vf4+fr/xAAfAQADAQEBAQEBAQEBAAAAAAAAAQIDBAUGBwgJCgv/xAC1EQACAQIEBAMEBwUEBAABAncAAQIDEQQFITEGEkFRB2FxEyIygQgUQpGhscEJIzNS8BVictEKFiQ04SXxFxgZGiYnKCkqNTY3ODk6Q0RFRkdISUpTVFVWV1hZWmNkZWZnaGlqc3R1dnd4eXqCg4SFhoeIiYqSk5SVlpeYmZqio6Slpqeoqaqys7S1tre4ubrCw8TFxsfIycrS09TV1tfY2dri4+Tl5ufo6ery8/T19vf4+fr/2gAMAwEAAhEDEQA/AP1q/aE/aS0Xx5PY+H9Iv9U/suyvL2516RIZLSPUbWyimWS2hd9jzqbjyi3k7o5EidWZo3ZW9Q/ZY8N6h4S+AXhy21W6+03txFJfsgne4jskuZnuI7SOR+Xit0lWBGwoKQqQqDCL8V6Nq2v+DtQsvDPimw8TaifC+qT3c+nW2nveX1y8HnPE1tCkT3BieQKVIfa0YkOVtz5Y+uv2Qfh/eeCPgBpNhDBP4dsjd6hdWGmvZ+Q1nZz39xNbIYnAeHEEkf7llVovuFVKlR/PHhnn2e5txnmVfOsPOEVTUKbXOqMYwqzXLaWjqzUoyk0tFHTR2P0TiTLKGDyyFGjJW507782k/euktbWurWs466a//9k=\') 0px 0px no-repeat rgb(228, 57, 60);\">前言序言</h3>\n</div>\n<div style=\"margin: 0px; padding: 0px; line-height: 24px; font-size: 14px;\">\n<p style=\"margin: 0px; padding: 0px;\">&nbsp; &nbsp; 对我来说，学习从来都不是件容易的事，这也是为什么，从幼儿园，到高中毕业，再到大学，我一直都是一个平庸的学生。</p>\n<p style=\"margin: 0px; padding: 0px;\">&nbsp; &nbsp; 甚至连我的父母，好像也察觉了我没有成为好学生的天分，转而开始表扬我的&ldquo;生活智慧&rdquo;，或者我的手工多么厉害。在我看来，这是因为他们实在是没办法赞美我的学习成绩，不得不绞尽脑汁，找些别的优点对我予以肯定和鼓励。</p>\n<p style=\"margin: 0px; padding: 0px;\">&nbsp; &nbsp; 但我从未像其他孩子那样，因为自己的成绩平平而感到挣扎或难过。有些孩子，可能在看到班上其他人名列前茅时，感到沮丧或嫉妒，但我不会。我认为，每个人都可以作出自己的贡献，成绩不一定是衡量个人价值的唯一标准。</p>\n<p style=\"margin: 0px; padding: 0px;\">&nbsp; &nbsp; 我知道，当我还是一个小孩子的时候，能够拥有这样的见解，可谓颇有见地。然而，从很多方面来看，这种说法也会导致令人难以置信的误导。</p>\n<p style=\"margin: 0px; padding: 0px;\">&nbsp; &nbsp; 但Zui终，事实证明我是对的，成绩并不是唯一重要的。在某种程度上一个人的人生取决于他所掌握的知识，但只关注掌握的多少，会让人□得十分功利。学习的概念&mdash;&mdash;理解、回忆和运用新知识的能力&mdash;&mdash;才是真正重要的东西，并决定我们在事业、人际关系和生活中，Zui终可以达到什么样的高度。事实上，这种能力可能会成为我们人生的Zui重要的能力，决定人生的Zui终成就，无视你是否在出生时就站在了更有优势的起跑线上。</p>\n<p style=\"margin: 0px; padding: 0px;\">&nbsp; &nbsp; 如果你有能力快速地学习，一步一个脚印地走下去，你将发现全新的机遇。这些机遇，是你在被无法理解的东西困住的情况下，永远也不会看到的；你也会具备主导生活方向的能力，因为导致你无法追求理想生活的唯一障碍，就是你的学习能力！</p>\n<p style=\"margin: 0px; padding: 0px;\">&nbsp; &nbsp; 我从自己的第一份工作中，深刻地体会到这一点。当时，我有个搭档名叫约翰，我比他早几个星期入职。在他入职后，我很快发现他在简历上造假，并且靠蒙混过关通过了面试，他根本不知道具体的工作职责是什么，也不知道如何使用所有人都应该熟悉掌握的行业标准软件。</p>\n<p style=\"margin: 0px; padding: 0px;\">&nbsp; &nbsp; 一开始，我非常愤怒，并且想要揭发他。但后来发生了一件有趣的事情，让我打消了此念头&mdash;&mdash;约翰是一个超级学习者。他的办公桌上贴满了便利贴、记事本上写满了笔记，而且似乎为自己准备了无数套三步骤的工作模式。他的学习动力和劲头令人惊叹，短短几个月后，他就熟练掌握了入职时完全不懂的所有东西，并且业绩水平已经与我不相上下。</p>\n<p style=\"margin: 0px; padding: 0px;\">&nbsp; &nbsp; 当然，他可能是通过蒙骗的手段得到了这份工作，但到了这个阶段，我和他之间，已经没有实际的区别。他在短时间内掌握了工作所需的所有技能，并借此成功地在公司继续工作了数年。可以说，约翰给我上了很重要的一课，让我对学习的过程和价值产生了一个清醒的认识。</p>\n<p style=\"margin: 0px; padding: 0px;\">&nbsp; &nbsp; 学习是这样一件事：</p>\n<p style=\"margin: 0px; padding: 0px;\">&nbsp; &nbsp; 过程：学习的过程并不如想象般艰难，而且一定存在久经考验的学习方法，帮助人们取得更好的学习效果。毕竟，那些取得了比我更优异成绩的孩子，也不是个个都比我更聪明，不是吗？</p>\n<p style=\"margin: 0px; padding: 0px;\">&nbsp; &nbsp; 价值：学习的价值就在于它能够帮助我们打开无数可能的大门。学习的价值已经超乎了我个人的想象。它能够运用到工作、日常生活、兴趣爱好以及人生的方方面面，学习能够帮助我，成为想要成为的人。</p>\n<p style=\"margin: 0px; padding: 0px;\">&nbsp; &nbsp; 到底什么是学习（抛开其学术层面的定义）？学习就是创造自己想要的生活；学习是让自己□得更好的唯一途径；学习也是每个人能够拥有的Zui基本的一项技能。如果我们不会学习，又将如何改善自己的现状呢？</p>\n<p style=\"margin: 0px; padding: 0px;\">&nbsp; &nbsp; 因此，欢迎阅读这本书，在这里，你将Zui终学会如何学习！</p>\n</div>\n</div>');
INSERT INTO `tushuxinxi` VALUES ('16', '2104152139071', '贾平凹的独行世界', '6', 'upload/9852f5128406173f5a6fc025ba92d8ac.png', '10.00', '50', '012804', '贾平凹', '北京出版社', '1', '<div class=\"p-parameter\">\n<ul class=\"parameter2 p-parameter-list\">\n<li title=\"长江文艺出版社\">\n<div id=\"desc3\" style=\"margin: 0px; padding: 0px; color: rgb(117, 117, 117); font-family: pingfangSC; font-size: 14px; font-style: normal; font-variant-ligatures: normal; font-variant-caps: normal; font-weight: 400; letter-spacing: normal; orphans: 2; text-align: start; text-indent: 0px; text-transform: none; widows: 2; word-spacing: 0px; -webkit-text-stroke-width: 0px; white-space: normal; background-color: rgb(255, 255, 255); text-decoration-thickness: initial; text-decoration-style: initial; text-decoration-color: initial;\">\n<div style=\"margin: 0px; padding: 0px; height: 25px; border-bottom: 3px solid rgb(228, 57, 60);\">\n<h3 style=\"margin: 0px; padding: 0px 0px 0px 20px; font-size: 14px; font-weight: bold; margin-block: 1em; margin-inline: 0px; line-height: 28px; width: 69px; height: 25px; overflow: hidden; color: rgb(255, 255, 255); background: url(\'data:image.jpg.avif;base64,/9j/4AAQSkZJRgABAQEAYABgAAD/4QBmRXhpZgAATU0AKgAAAAgABgESAAMAAAABAAEAAAMBAAUAAAABAAAAVgMDAAEAAAABAAAAAFEQAAEAAAABAQAAAFERAAQAAAABAAAOxFESAAQAAAABAAAOxAAAAAAAAYagAACxj//bAEMAAgEBAgEBAgICAgICAgIDBQMDAwMDBgQEAwUHBgcHBwYHBwgJCwkICAoIBwcKDQoKCwwMDAwHCQ4PDQwOCwwMDP/bAEMBAgICAwMDBgMDBgwIBwgMDAwMDAwMDAwMDAwMDAwMDAwMDAwMDAwMDAwMDAwMDAwMDAwMDAwMDAwMDAwMDAwMDP/AABEIABAACwMBIgACEQEDEQH/xAAfAAABBQEBAQEBAQAAAAAAAAAAAQIDBAUGBwgJCgv/xAC1EAACAQMDAgQDBQUEBAAAAX0BAgMABBEFEiExQQYTUWEHInEUMoGRoQgjQrHBFVLR8CQzYnKCCQoWFxgZGiUmJygpKjQ1Njc4OTpDREVGR0hJSlNUVVZXWFlaY2RlZmdoaWpzdHV2d3h5eoOEhYaHiImKkpOUlZaXmJmaoqOkpaanqKmqsrO0tba3uLm6wsPExcbHyMnK0tPU1dbX2Nna4eLj5OXm5+jp6vHy8/T19vf4+fr/xAAfAQADAQEBAQEBAQEBAAAAAAAAAQIDBAUGBwgJCgv/xAC1EQACAQIEBAMEBwUEBAABAncAAQIDEQQFITEGEkFRB2FxEyIygQgUQpGhscEJIzNS8BVictEKFiQ04SXxFxgZGiYnKCkqNTY3ODk6Q0RFRkdISUpTVFVWV1hZWmNkZWZnaGlqc3R1dnd4eXqCg4SFhoeIiYqSk5SVlpeYmZqio6Slpqeoqaqys7S1tre4ubrCw8TFxsfIycrS09TV1tfY2dri4+Tl5ufo6ery8/T19vf4+fr/2gAMAwEAAhEDEQA/AP1q/aE/aS0Xx5PY+H9Iv9U/suyvL2516RIZLSPUbWyimWS2hd9jzqbjyi3k7o5EidWZo3ZW9Q/ZY8N6h4S+AXhy21W6+03txFJfsgne4jskuZnuI7SOR+Xit0lWBGwoKQqQqDCL8V6Nq2v+DtQsvDPimw8TaifC+qT3c+nW2nveX1y8HnPE1tCkT3BieQKVIfa0YkOVtz5Y+uv2Qfh/eeCPgBpNhDBP4dsjd6hdWGmvZ+Q1nZz39xNbIYnAeHEEkf7llVovuFVKlR/PHhnn2e5txnmVfOsPOEVTUKbXOqMYwqzXLaWjqzUoyk0tFHTR2P0TiTLKGDyyFGjJW507782k/euktbWurWs466a//9k=\') 0px 0px no-repeat rgb(228, 57, 60);\">编辑推荐</h3>\n</div>\n<div style=\"margin: 0px; padding: 0px; line-height: 24px; font-size: 14px;\">\n<p style=\"margin: 0px; padding: 0px;\">&nbsp; &nbsp; ◆以诺贝尔物理学奖获得者理查德&amp;middot;费曼命名的费曼学习法是目前被实践验证过的、公认的，极其有效的学习方法，简单有效，适用于各年龄、各阶段、各学科的学习与复习。</p>\n<p style=\"margin: 0px; padding: 0px;\">&nbsp; &nbsp; ◆作者彼得&amp;middot;霍林斯是著名心理学家、脑科学家。他善于将脑科学、心理学、行为科学等专业的前沿理论知识与实践方法应用在学习领域，曾出版包括《思维模型：建立高品质思维的30种模型》在内的多部畅销书。</p>\n<p style=\"margin: 0px; padding: 0px;\">&nbsp; &nbsp; ◆本书不仅深入浅出地介绍了费曼学习法及其具体的实施步骤，还提供了26种具体学习方法，涵盖理解、提问、记忆、遗忘、信息提取、学习误区等内容，贯穿整个学习过程，为读者提供丰富而有效的技巧与方法。</p>\n<p style=\"margin: 0px; padding: 0px;\">&nbsp; &nbsp; ◆本书为读者提供包括费曼学习法在内的27个高级学习模型，帮助读者改善学习态度，提高学习能力。让思维可视化，让学习可量化，让记忆更牢固，让进步看得见。</p>\n<p style=\"margin: 0px; padding: 0px;\">&nbsp;</p>\n</div>\n</div>\n<div id=\"desc3\" style=\"margin: 0px; padding: 0px; color: rgb(117, 117, 117); font-family: pingfangSC; font-size: 14px; font-style: normal; font-variant-ligatures: normal; font-variant-caps: normal; font-weight: 400; letter-spacing: normal; orphans: 2; text-align: start; text-indent: 0px; text-transform: none; widows: 2; word-spacing: 0px; -webkit-text-stroke-width: 0px; white-space: normal; background-color: rgb(255, 255, 255); text-decoration-thickness: initial; text-decoration-style: initial; text-decoration-color: initial;\">\n<div style=\"margin: 0px; padding: 0px; height: 25px; border-bottom: 3px solid rgb(228, 57, 60);\">\n<h3 style=\"margin: 0px; padding: 0px 0px 0px 20px; font-size: 14px; font-weight: bold; margin-block: 1em; margin-inline: 0px; line-height: 28px; width: 69px; height: 25px; overflow: hidden; color: rgb(255, 255, 255); background: url(\'data:image.jpg.avif;base64,/9j/4AAQSkZJRgABAQEAYABgAAD/4QBmRXhpZgAATU0AKgAAAAgABgESAAMAAAABAAEAAAMBAAUAAAABAAAAVgMDAAEAAAABAAAAAFEQAAEAAAABAQAAAFERAAQAAAABAAAOxFESAAQAAAABAAAOxAAAAAAAAYagAACxj//bAEMAAgEBAgEBAgICAgICAgIDBQMDAwMDBgQEAwUHBgcHBwYHBwgJCwkICAoIBwcKDQoKCwwMDAwHCQ4PDQwOCwwMDP/bAEMBAgICAwMDBgMDBgwIBwgMDAwMDAwMDAwMDAwMDAwMDAwMDAwMDAwMDAwMDAwMDAwMDAwMDAwMDAwMDAwMDAwMDP/AABEIABAACwMBIgACEQEDEQH/xAAfAAABBQEBAQEBAQAAAAAAAAAAAQIDBAUGBwgJCgv/xAC1EAACAQMDAgQDBQUEBAAAAX0BAgMABBEFEiExQQYTUWEHInEUMoGRoQgjQrHBFVLR8CQzYnKCCQoWFxgZGiUmJygpKjQ1Njc4OTpDREVGR0hJSlNUVVZXWFlaY2RlZmdoaWpzdHV2d3h5eoOEhYaHiImKkpOUlZaXmJmaoqOkpaanqKmqsrO0tba3uLm6wsPExcbHyMnK0tPU1dbX2Nna4eLj5OXm5+jp6vHy8/T19vf4+fr/xAAfAQADAQEBAQEBAQEBAAAAAAAAAQIDBAUGBwgJCgv/xAC1EQACAQIEBAMEBwUEBAABAncAAQIDEQQFITEGEkFRB2FxEyIygQgUQpGhscEJIzNS8BVictEKFiQ04SXxFxgZGiYnKCkqNTY3ODk6Q0RFRkdISUpTVFVWV1hZWmNkZWZnaGlqc3R1dnd4eXqCg4SFhoeIiYqSk5SVlpeYmZqio6Slpqeoqaqys7S1tre4ubrCw8TFxsfIycrS09TV1tfY2dri4+Tl5ufo6ery8/T19vf4+fr/2gAMAwEAAhEDEQA/AP1q/aE/aS0Xx5PY+H9Iv9U/suyvL2516RIZLSPUbWyimWS2hd9jzqbjyi3k7o5EidWZo3ZW9Q/ZY8N6h4S+AXhy21W6+03txFJfsgne4jskuZnuI7SOR+Xit0lWBGwoKQqQqDCL8V6Nq2v+DtQsvDPimw8TaifC+qT3c+nW2nveX1y8HnPE1tCkT3BieQKVIfa0YkOVtz5Y+uv2Qfh/eeCPgBpNhDBP4dsjd6hdWGmvZ+Q1nZz39xNbIYnAeHEEkf7llVovuFVKlR/PHhnn2e5txnmVfOsPOEVTUKbXOqMYwqzXLaWjqzUoyk0tFHTR2P0TiTLKGDyyFGjJW507782k/euktbWurWs466a//9k=\') 0px 0px no-repeat rgb(228, 57, 60);\">内容简介</h3>\n</div>\n<div style=\"margin: 0px; padding: 0px; line-height: 24px; font-size: 14px;\">\n<p style=\"margin: 0px; padding: 0px;\">&nbsp; &nbsp; 费曼学习法因诺贝尔奖得主、物理学家理查德&amp;middot;费曼而得名。理查德&amp;middot;费曼被认为是爱因斯坦之后Zui睿智的理论物理学家，也是第一位提出纳米概念的人。他在教学科研、美学艺术等众多领域都取得了举世瞩目的伟大成就，他的学习方法被称为&ldquo;费曼学习法&rdquo;，并广为流传。</p>\n<p style=\"margin: 0px; padding: 0px;\">&nbsp; &nbsp; 费曼学习法，能验证学习者是否真正掌握了知识，能够帮助学习者提高知识的吸收效率，真正理解并学会运用知识。费曼学习法要求学习者在学习时，能用直白浅显的语言把复杂深奥的问题或知识讲清楚，促使学习者进入积极主动的学习状态，发现知识的重难点，而后达到融会贯通的境界。</p>\n<p style=\"margin: 0px; padding: 0px;\">&nbsp; &nbsp; 费曼学习法是目前被实践验证过的、公认的，极其有效的学习方法。简单有效，适用于各年龄、各阶段、各学科的学习与复习。</p>\n<p style=\"margin: 0px; padding: 0px;\">&nbsp;</p>\n</div>\n</div>\n<div id=\"desc3\" style=\"margin: 0px; padding: 0px; color: rgb(117, 117, 117); font-family: pingfangSC; font-size: 14px; font-style: normal; font-variant-ligatures: normal; font-variant-caps: normal; font-weight: 400; letter-spacing: normal; orphans: 2; text-align: start; text-indent: 0px; text-transform: none; widows: 2; word-spacing: 0px; -webkit-text-stroke-width: 0px; white-space: normal; background-color: rgb(255, 255, 255); text-decoration-thickness: initial; text-decoration-style: initial; text-decoration-color: initial;\">\n<div style=\"margin: 0px; padding: 0px; height: 25px; border-bottom: 3px solid rgb(228, 57, 60);\">\n<h3 style=\"margin: 0px; padding: 0px 0px 0px 20px; font-size: 14px; font-weight: bold; margin-block: 1em; margin-inline: 0px; line-height: 28px; width: 69px; height: 25px; overflow: hidden; color: rgb(255, 255, 255); background: url(\'data:image.jpg.avif;base64,/9j/4AAQSkZJRgABAQEAYABgAAD/4QBmRXhpZgAATU0AKgAAAAgABgESAAMAAAABAAEAAAMBAAUAAAABAAAAVgMDAAEAAAABAAAAAFEQAAEAAAABAQAAAFERAAQAAAABAAAOxFESAAQAAAABAAAOxAAAAAAAAYagAACxj//bAEMAAgEBAgEBAgICAgICAgIDBQMDAwMDBgQEAwUHBgcHBwYHBwgJCwkICAoIBwcKDQoKCwwMDAwHCQ4PDQwOCwwMDP/bAEMBAgICAwMDBgMDBgwIBwgMDAwMDAwMDAwMDAwMDAwMDAwMDAwMDAwMDAwMDAwMDAwMDAwMDAwMDAwMDAwMDAwMDP/AABEIABAACwMBIgACEQEDEQH/xAAfAAABBQEBAQEBAQAAAAAAAAAAAQIDBAUGBwgJCgv/xAC1EAACAQMDAgQDBQUEBAAAAX0BAgMABBEFEiExQQYTUWEHInEUMoGRoQgjQrHBFVLR8CQzYnKCCQoWFxgZGiUmJygpKjQ1Njc4OTpDREVGR0hJSlNUVVZXWFlaY2RlZmdoaWpzdHV2d3h5eoOEhYaHiImKkpOUlZaXmJmaoqOkpaanqKmqsrO0tba3uLm6wsPExcbHyMnK0tPU1dbX2Nna4eLj5OXm5+jp6vHy8/T19vf4+fr/xAAfAQADAQEBAQEBAQEBAAAAAAAAAQIDBAUGBwgJCgv/xAC1EQACAQIEBAMEBwUEBAABAncAAQIDEQQFITEGEkFRB2FxEyIygQgUQpGhscEJIzNS8BVictEKFiQ04SXxFxgZGiYnKCkqNTY3ODk6Q0RFRkdISUpTVFVWV1hZWmNkZWZnaGlqc3R1dnd4eXqCg4SFhoeIiYqSk5SVlpeYmZqio6Slpqeoqaqys7S1tre4ubrCw8TFxsfIycrS09TV1tfY2dri4+Tl5ufo6ery8/T19vf4+fr/2gAMAwEAAhEDEQA/AP1q/aE/aS0Xx5PY+H9Iv9U/suyvL2516RIZLSPUbWyimWS2hd9jzqbjyi3k7o5EidWZo3ZW9Q/ZY8N6h4S+AXhy21W6+03txFJfsgne4jskuZnuI7SOR+Xit0lWBGwoKQqQqDCL8V6Nq2v+DtQsvDPimw8TaifC+qT3c+nW2nveX1y8HnPE1tCkT3BieQKVIfa0YkOVtz5Y+uv2Qfh/eeCPgBpNhDBP4dsjd6hdWGmvZ+Q1nZz39xNbIYnAeHEEkf7llVovuFVKlR/PHhnn2e5txnmVfOsPOEVTUKbXOqMYwqzXLaWjqzUoyk0tFHTR2P0TiTLKGDyyFGjJW507782k/euktbWurWs466a//9k=\') 0px 0px no-repeat rgb(228, 57, 60);\">前言序言</h3>\n</div>\n<div style=\"margin: 0px; padding: 0px; line-height: 24px; font-size: 14px;\">\n<p style=\"margin: 0px; padding: 0px;\">&nbsp; &nbsp; 对我来说，学习从来都不是件容易的事，这也是为什么，从幼儿园，到高中毕业，再到大学，我一直都是一个平庸的学生。</p>\n<p style=\"margin: 0px; padding: 0px;\">&nbsp; &nbsp; 甚至连我的父母，好像也察觉了我没有成为好学生的天分，转而开始表扬我的&ldquo;生活智慧&rdquo;，或者我的手工多么厉害。在我看来，这是因为他们实在是没办法赞美我的学习成绩，不得不绞尽脑汁，找些别的优点对我予以肯定和鼓励。</p>\n<p style=\"margin: 0px; padding: 0px;\">&nbsp; &nbsp; 但我从未像其他孩子那样，因为自己的成绩平平而感到挣扎或难过。有些孩子，可能在看到班上其他人名列前茅时，感到沮丧或嫉妒，但我不会。我认为，每个人都可以作出自己的贡献，成绩不一定是衡量个人价值的唯一标准。</p>\n<p style=\"margin: 0px; padding: 0px;\">&nbsp; &nbsp; 我知道，当我还是一个小孩子的时候，能够拥有这样的见解，可谓颇有见地。然而，从很多方面来看，这种说法也会导致令人难以置信的误导。</p>\n<p style=\"margin: 0px; padding: 0px;\">&nbsp; &nbsp; 但Zui终，事实证明我是对的，成绩并不是唯一重要的。在某种程度上一个人的人生取决于他所掌握的知识，但只关注掌握的多少，会让人□得十分功利。学习的概念&mdash;&mdash;理解、回忆和运用新知识的能力&mdash;&mdash;才是真正重要的东西，并决定我们在事业、人际关系和生活中，Zui终可以达到什么样的高度。事实上，这种能力可能会成为我们人生的Zui重要的能力，决定人生的Zui终成就，无视你是否在出生时就站在了更有优势的起跑线上。</p>\n<p style=\"margin: 0px; padding: 0px;\">&nbsp; &nbsp; 如果你有能力快速地学习，一步一个脚印地走下去，你将发现全新的机遇。这些机遇，是你在被无法理解的东西困住的情况下，永远也不会看到的；你也会具备主导生活方向的能力，因为导致你无法追求理想生活的唯一障碍，就是你的学习能力！</p>\n<p style=\"margin: 0px; padding: 0px;\">&nbsp; &nbsp; 我从自己的第一份工作中，深刻地体会到这一点。当时，我有个搭档名叫约翰，我比他早几个星期入职。在他入职后，我很快发现他在简历上造假，并且靠蒙混过关通过了面试，他根本不知道具体的工作职责是什么，也不知道如何使用所有人都应该熟悉掌握的行业标准软件。</p>\n<p style=\"margin: 0px; padding: 0px;\">&nbsp; &nbsp; 一开始，我非常愤怒，并且想要揭发他。但后来发生了一件有趣的事情，让我打消了此念头&mdash;&mdash;约翰是一个超级学习者。他的办公桌上贴满了便利贴、记事本上写满了笔记，而且似乎为自己准备了无数套三步骤的工作模式。他的学习动力和劲头令人惊叹，短短几个月后，他就熟练掌握了入职时完全不懂的所有东西，并且业绩水平已经与我不相上下。</p>\n<p style=\"margin: 0px; padding: 0px;\">&nbsp; &nbsp; 当然，他可能是通过蒙骗的手段得到了这份工作，但到了这个阶段，我和他之间，已经没有实际的区别。他在短时间内掌握了工作所需的所有技能，并借此成功地在公司继续工作了数年。可以说，约翰给我上了很重要的一课，让我对学习的过程和价值产生了一个清醒的认识。</p>\n<p style=\"margin: 0px; padding: 0px;\">&nbsp; &nbsp; 学习是这样一件事：</p>\n<p style=\"margin: 0px; padding: 0px;\">&nbsp; &nbsp; 过程：学习的过程并不如想象般艰难，而且一定存在久经考验的学习方法，帮助人们取得更好的学习效果。毕竟，那些取得了比我更优异成绩的孩子，也不是个个都比我更聪明，不是吗？</p>\n<p style=\"margin: 0px; padding: 0px;\">&nbsp; &nbsp; 价值：学习的价值就在于它能够帮助我们打开无数可能的大门。学习的价值已经超乎了我个人的想象。它能够运用到工作、日常生活、兴趣爱好以及人生的方方面面，学习能够帮助我，成为想要成为的人。</p>\n<p style=\"margin: 0px; padding: 0px;\">&nbsp; &nbsp; 到底什么是学习（抛开其学术层面的定义）？学习就是创造自己想要的生活；学习是让自己□得更好的唯一途径；学习也是每个人能够拥有的Zui基本的一项技能。如果我们不会学习，又将如何改善自己的现状呢？</p>\n<p style=\"margin: 0px; padding: 0px;\">&nbsp; &nbsp; 因此，欢迎阅读这本书，在这里，你将Zui终学会如何学习！</p>\n</div>\n</div>\n</li>\n</ul>\n</div>');
INSERT INTO `tushuxinxi` VALUES ('17', '2104152140241', '我们要赢的，是自己', '6', 'upload/fb69584f808fc738672fcb3c969da465.png', '10.00', '50', '012805', '老舍', '北京出版社', '0', '<div class=\"p-parameter\">\n<ul class=\"parameter2 p-parameter-list\">\n<li title=\"古吴轩出版社\">\n<div id=\"desc3\" style=\"margin: 0px; padding: 0px; color: rgb(117, 117, 117); font-family: pingfangSC; font-size: 14px; font-style: normal; font-variant-ligatures: normal; font-variant-caps: normal; font-weight: 400; letter-spacing: normal; orphans: 2; text-align: start; text-indent: 0px; text-transform: none; widows: 2; word-spacing: 0px; -webkit-text-stroke-width: 0px; white-space: normal; background-color: rgb(255, 255, 255); text-decoration-thickness: initial; text-decoration-style: initial; text-decoration-color: initial;\">\n<div style=\"margin: 0px; padding: 0px; height: 25px; border-bottom: 3px solid rgb(228, 57, 60);\">\n<h3 style=\"margin: 0px; padding: 0px 0px 0px 20px; font-size: 14px; font-weight: bold; margin-block: 1em; margin-inline: 0px; line-height: 28px; width: 69px; height: 25px; overflow: hidden; color: rgb(255, 255, 255); background: url(\'data:image.jpg.avif;base64,/9j/4AAQSkZJRgABAQEAYABgAAD/4QBmRXhpZgAATU0AKgAAAAgABgESAAMAAAABAAEAAAMBAAUAAAABAAAAVgMDAAEAAAABAAAAAFEQAAEAAAABAQAAAFERAAQAAAABAAAOxFESAAQAAAABAAAOxAAAAAAAAYagAACxj//bAEMAAgEBAgEBAgICAgICAgIDBQMDAwMDBgQEAwUHBgcHBwYHBwgJCwkICAoIBwcKDQoKCwwMDAwHCQ4PDQwOCwwMDP/bAEMBAgICAwMDBgMDBgwIBwgMDAwMDAwMDAwMDAwMDAwMDAwMDAwMDAwMDAwMDAwMDAwMDAwMDAwMDAwMDAwMDAwMDP/AABEIABAACwMBIgACEQEDEQH/xAAfAAABBQEBAQEBAQAAAAAAAAAAAQIDBAUGBwgJCgv/xAC1EAACAQMDAgQDBQUEBAAAAX0BAgMABBEFEiExQQYTUWEHInEUMoGRoQgjQrHBFVLR8CQzYnKCCQoWFxgZGiUmJygpKjQ1Njc4OTpDREVGR0hJSlNUVVZXWFlaY2RlZmdoaWpzdHV2d3h5eoOEhYaHiImKkpOUlZaXmJmaoqOkpaanqKmqsrO0tba3uLm6wsPExcbHyMnK0tPU1dbX2Nna4eLj5OXm5+jp6vHy8/T19vf4+fr/xAAfAQADAQEBAQEBAQEBAAAAAAAAAQIDBAUGBwgJCgv/xAC1EQACAQIEBAMEBwUEBAABAncAAQIDEQQFITEGEkFRB2FxEyIygQgUQpGhscEJIzNS8BVictEKFiQ04SXxFxgZGiYnKCkqNTY3ODk6Q0RFRkdISUpTVFVWV1hZWmNkZWZnaGlqc3R1dnd4eXqCg4SFhoeIiYqSk5SVlpeYmZqio6Slpqeoqaqys7S1tre4ubrCw8TFxsfIycrS09TV1tfY2dri4+Tl5ufo6ery8/T19vf4+fr/2gAMAwEAAhEDEQA/AP1q/aE/aS0Xx5PY+H9Iv9U/suyvL2516RIZLSPUbWyimWS2hd9jzqbjyi3k7o5EidWZo3ZW9Q/ZY8N6h4S+AXhy21W6+03txFJfsgne4jskuZnuI7SOR+Xit0lWBGwoKQqQqDCL8V6Nq2v+DtQsvDPimw8TaifC+qT3c+nW2nveX1y8HnPE1tCkT3BieQKVIfa0YkOVtz5Y+uv2Qfh/eeCPgBpNhDBP4dsjd6hdWGmvZ+Q1nZz39xNbIYnAeHEEkf7llVovuFVKlR/PHhnn2e5txnmVfOsPOEVTUKbXOqMYwqzXLaWjqzUoyk0tFHTR2P0TiTLKGDyyFGjJW507782k/euktbWurWs466a//9k=\') 0px 0px no-repeat rgb(228, 57, 60);\">编辑推荐</h3>\n</div>\n<div style=\"margin: 0px; padding: 0px; line-height: 24px; font-size: 14px;\">\n<p style=\"margin: 0px; padding: 0px;\">&nbsp; &nbsp; ◆以诺贝尔物理学奖获得者理查德&amp;middot;费曼命名的费曼学习法是目前被实践验证过的、公认的，极其有效的学习方法，简单有效，适用于各年龄、各阶段、各学科的学习与复习。</p>\n<p style=\"margin: 0px; padding: 0px;\">&nbsp; &nbsp; ◆作者彼得&amp;middot;霍林斯是著名心理学家、脑科学家。他善于将脑科学、心理学、行为科学等专业的前沿理论知识与实践方法应用在学习领域，曾出版包括《思维模型：建立高品质思维的30种模型》在内的多部畅销书。</p>\n<p style=\"margin: 0px; padding: 0px;\">&nbsp; &nbsp; ◆本书不仅深入浅出地介绍了费曼学习法及其具体的实施步骤，还提供了26种具体学习方法，涵盖理解、提问、记忆、遗忘、信息提取、学习误区等内容，贯穿整个学习过程，为读者提供丰富而有效的技巧与方法。</p>\n<p style=\"margin: 0px; padding: 0px;\">&nbsp; &nbsp; ◆本书为读者提供包括费曼学习法在内的27个高级学习模型，帮助读者改善学习态度，提高学习能力。让思维可视化，让学习可量化，让记忆更牢固，让进步看得见。</p>\n<p style=\"margin: 0px; padding: 0px;\">&nbsp;</p>\n</div>\n</div>\n<div id=\"desc3\" style=\"margin: 0px; padding: 0px; color: rgb(117, 117, 117); font-family: pingfangSC; font-size: 14px; font-style: normal; font-variant-ligatures: normal; font-variant-caps: normal; font-weight: 400; letter-spacing: normal; orphans: 2; text-align: start; text-indent: 0px; text-transform: none; widows: 2; word-spacing: 0px; -webkit-text-stroke-width: 0px; white-space: normal; background-color: rgb(255, 255, 255); text-decoration-thickness: initial; text-decoration-style: initial; text-decoration-color: initial;\">\n<div style=\"margin: 0px; padding: 0px; height: 25px; border-bottom: 3px solid rgb(228, 57, 60);\">\n<h3 style=\"margin: 0px; padding: 0px 0px 0px 20px; font-size: 14px; font-weight: bold; margin-block: 1em; margin-inline: 0px; line-height: 28px; width: 69px; height: 25px; overflow: hidden; color: rgb(255, 255, 255); background: url(\'data:image.jpg.avif;base64,/9j/4AAQSkZJRgABAQEAYABgAAD/4QBmRXhpZgAATU0AKgAAAAgABgESAAMAAAABAAEAAAMBAAUAAAABAAAAVgMDAAEAAAABAAAAAFEQAAEAAAABAQAAAFERAAQAAAABAAAOxFESAAQAAAABAAAOxAAAAAAAAYagAACxj//bAEMAAgEBAgEBAgICAgICAgIDBQMDAwMDBgQEAwUHBgcHBwYHBwgJCwkICAoIBwcKDQoKCwwMDAwHCQ4PDQwOCwwMDP/bAEMBAgICAwMDBgMDBgwIBwgMDAwMDAwMDAwMDAwMDAwMDAwMDAwMDAwMDAwMDAwMDAwMDAwMDAwMDAwMDAwMDAwMDP/AABEIABAACwMBIgACEQEDEQH/xAAfAAABBQEBAQEBAQAAAAAAAAAAAQIDBAUGBwgJCgv/xAC1EAACAQMDAgQDBQUEBAAAAX0BAgMABBEFEiExQQYTUWEHInEUMoGRoQgjQrHBFVLR8CQzYnKCCQoWFxgZGiUmJygpKjQ1Njc4OTpDREVGR0hJSlNUVVZXWFlaY2RlZmdoaWpzdHV2d3h5eoOEhYaHiImKkpOUlZaXmJmaoqOkpaanqKmqsrO0tba3uLm6wsPExcbHyMnK0tPU1dbX2Nna4eLj5OXm5+jp6vHy8/T19vf4+fr/xAAfAQADAQEBAQEBAQEBAAAAAAAAAQIDBAUGBwgJCgv/xAC1EQACAQIEBAMEBwUEBAABAncAAQIDEQQFITEGEkFRB2FxEyIygQgUQpGhscEJIzNS8BVictEKFiQ04SXxFxgZGiYnKCkqNTY3ODk6Q0RFRkdISUpTVFVWV1hZWmNkZWZnaGlqc3R1dnd4eXqCg4SFhoeIiYqSk5SVlpeYmZqio6Slpqeoqaqys7S1tre4ubrCw8TFxsfIycrS09TV1tfY2dri4+Tl5ufo6ery8/T19vf4+fr/2gAMAwEAAhEDEQA/AP1q/aE/aS0Xx5PY+H9Iv9U/suyvL2516RIZLSPUbWyimWS2hd9jzqbjyi3k7o5EidWZo3ZW9Q/ZY8N6h4S+AXhy21W6+03txFJfsgne4jskuZnuI7SOR+Xit0lWBGwoKQqQqDCL8V6Nq2v+DtQsvDPimw8TaifC+qT3c+nW2nveX1y8HnPE1tCkT3BieQKVIfa0YkOVtz5Y+uv2Qfh/eeCPgBpNhDBP4dsjd6hdWGmvZ+Q1nZz39xNbIYnAeHEEkf7llVovuFVKlR/PHhnn2e5txnmVfOsPOEVTUKbXOqMYwqzXLaWjqzUoyk0tFHTR2P0TiTLKGDyyFGjJW507782k/euktbWurWs466a//9k=\') 0px 0px no-repeat rgb(228, 57, 60);\">内容简介</h3>\n</div>\n<div style=\"margin: 0px; padding: 0px; line-height: 24px; font-size: 14px;\">\n<p style=\"margin: 0px; padding: 0px;\">&nbsp; &nbsp; 费曼学习法因诺贝尔奖得主、物理学家理查德&amp;middot;费曼而得名。理查德&amp;middot;费曼被认为是爱因斯坦之后Zui睿智的理论物理学家，也是第一位提出纳米概念的人。他在教学科研、美学艺术等众多领域都取得了举世瞩目的伟大成就，他的学习方法被称为&ldquo;费曼学习法&rdquo;，并广为流传。</p>\n<p style=\"margin: 0px; padding: 0px;\">&nbsp; &nbsp; 费曼学习法，能验证学习者是否真正掌握了知识，能够帮助学习者提高知识的吸收效率，真正理解并学会运用知识。费曼学习法要求学习者在学习时，能用直白浅显的语言把复杂深奥的问题或知识讲清楚，促使学习者进入积极主动的学习状态，发现知识的重难点，而后达到融会贯通的境界。</p>\n<p style=\"margin: 0px; padding: 0px;\">&nbsp; &nbsp; 费曼学习法是目前被实践验证过的、公认的，极其有效的学习方法。简单有效，适用于各年龄、各阶段、各学科的学习与复习。</p>\n<p style=\"margin: 0px; padding: 0px;\">&nbsp;</p>\n</div>\n</div>\n<div id=\"desc3\" style=\"margin: 0px; padding: 0px; color: rgb(117, 117, 117); font-family: pingfangSC; font-size: 14px; font-style: normal; font-variant-ligatures: normal; font-variant-caps: normal; font-weight: 400; letter-spacing: normal; orphans: 2; text-align: start; text-indent: 0px; text-transform: none; widows: 2; word-spacing: 0px; -webkit-text-stroke-width: 0px; white-space: normal; background-color: rgb(255, 255, 255); text-decoration-thickness: initial; text-decoration-style: initial; text-decoration-color: initial;\">\n<div style=\"margin: 0px; padding: 0px; height: 25px; border-bottom: 3px solid rgb(228, 57, 60);\">\n<h3 style=\"margin: 0px; padding: 0px 0px 0px 20px; font-size: 14px; font-weight: bold; margin-block: 1em; margin-inline: 0px; line-height: 28px; width: 69px; height: 25px; overflow: hidden; color: rgb(255, 255, 255); background: url(\'data:image.jpg.avif;base64,/9j/4AAQSkZJRgABAQEAYABgAAD/4QBmRXhpZgAATU0AKgAAAAgABgESAAMAAAABAAEAAAMBAAUAAAABAAAAVgMDAAEAAAABAAAAAFEQAAEAAAABAQAAAFERAAQAAAABAAAOxFESAAQAAAABAAAOxAAAAAAAAYagAACxj//bAEMAAgEBAgEBAgICAgICAgIDBQMDAwMDBgQEAwUHBgcHBwYHBwgJCwkICAoIBwcKDQoKCwwMDAwHCQ4PDQwOCwwMDP/bAEMBAgICAwMDBgMDBgwIBwgMDAwMDAwMDAwMDAwMDAwMDAwMDAwMDAwMDAwMDAwMDAwMDAwMDAwMDAwMDAwMDAwMDP/AABEIABAACwMBIgACEQEDEQH/xAAfAAABBQEBAQEBAQAAAAAAAAAAAQIDBAUGBwgJCgv/xAC1EAACAQMDAgQDBQUEBAAAAX0BAgMABBEFEiExQQYTUWEHInEUMoGRoQgjQrHBFVLR8CQzYnKCCQoWFxgZGiUmJygpKjQ1Njc4OTpDREVGR0hJSlNUVVZXWFlaY2RlZmdoaWpzdHV2d3h5eoOEhYaHiImKkpOUlZaXmJmaoqOkpaanqKmqsrO0tba3uLm6wsPExcbHyMnK0tPU1dbX2Nna4eLj5OXm5+jp6vHy8/T19vf4+fr/xAAfAQADAQEBAQEBAQEBAAAAAAAAAQIDBAUGBwgJCgv/xAC1EQACAQIEBAMEBwUEBAABAncAAQIDEQQFITEGEkFRB2FxEyIygQgUQpGhscEJIzNS8BVictEKFiQ04SXxFxgZGiYnKCkqNTY3ODk6Q0RFRkdISUpTVFVWV1hZWmNkZWZnaGlqc3R1dnd4eXqCg4SFhoeIiYqSk5SVlpeYmZqio6Slpqeoqaqys7S1tre4ubrCw8TFxsfIycrS09TV1tfY2dri4+Tl5ufo6ery8/T19vf4+fr/2gAMAwEAAhEDEQA/AP1q/aE/aS0Xx5PY+H9Iv9U/suyvL2516RIZLSPUbWyimWS2hd9jzqbjyi3k7o5EidWZo3ZW9Q/ZY8N6h4S+AXhy21W6+03txFJfsgne4jskuZnuI7SOR+Xit0lWBGwoKQqQqDCL8V6Nq2v+DtQsvDPimw8TaifC+qT3c+nW2nveX1y8HnPE1tCkT3BieQKVIfa0YkOVtz5Y+uv2Qfh/eeCPgBpNhDBP4dsjd6hdWGmvZ+Q1nZz39xNbIYnAeHEEkf7llVovuFVKlR/PHhnn2e5txnmVfOsPOEVTUKbXOqMYwqzXLaWjqzUoyk0tFHTR2P0TiTLKGDyyFGjJW507782k/euktbWurWs466a//9k=\') 0px 0px no-repeat rgb(228, 57, 60);\">前言序言</h3>\n</div>\n<div style=\"margin: 0px; padding: 0px; line-height: 24px; font-size: 14px;\">\n<p style=\"margin: 0px; padding: 0px;\">&nbsp; &nbsp; 对我来说，学习从来都不是件容易的事，这也是为什么，从幼儿园，到高中毕业，再到大学，我一直都是一个平庸的学生。</p>\n<p style=\"margin: 0px; padding: 0px;\">&nbsp; &nbsp; 甚至连我的父母，好像也察觉了我没有成为好学生的天分，转而开始表扬我的&ldquo;生活智慧&rdquo;，或者我的手工多么厉害。在我看来，这是因为他们实在是没办法赞美我的学习成绩，不得不绞尽脑汁，找些别的优点对我予以肯定和鼓励。</p>\n<p style=\"margin: 0px; padding: 0px;\">&nbsp; &nbsp; 但我从未像其他孩子那样，因为自己的成绩平平而感到挣扎或难过。有些孩子，可能在看到班上其他人名列前茅时，感到沮丧或嫉妒，但我不会。我认为，每个人都可以作出自己的贡献，成绩不一定是衡量个人价值的唯一标准。</p>\n<p style=\"margin: 0px; padding: 0px;\">&nbsp; &nbsp; 我知道，当我还是一个小孩子的时候，能够拥有这样的见解，可谓颇有见地。然而，从很多方面来看，这种说法也会导致令人难以置信的误导。</p>\n<p style=\"margin: 0px; padding: 0px;\">&nbsp; &nbsp; 但Zui终，事实证明我是对的，成绩并不是唯一重要的。在某种程度上一个人的人生取决于他所掌握的知识，但只关注掌握的多少，会让人□得十分功利。学习的概念&mdash;&mdash;理解、回忆和运用新知识的能力&mdash;&mdash;才是真正重要的东西，并决定我们在事业、人际关系和生活中，Zui终可以达到什么样的高度。事实上，这种能力可能会成为我们人生的Zui重要的能力，决定人生的Zui终成就，无视你是否在出生时就站在了更有优势的起跑线上。</p>\n<p style=\"margin: 0px; padding: 0px;\">&nbsp; &nbsp; 如果你有能力快速地学习，一步一个脚印地走下去，你将发现全新的机遇。这些机遇，是你在被无法理解的东西困住的情况下，永远也不会看到的；你也会具备主导生活方向的能力，因为导致你无法追求理想生活的唯一障碍，就是你的学习能力！</p>\n<p style=\"margin: 0px; padding: 0px;\">&nbsp; &nbsp; 我从自己的第一份工作中，深刻地体会到这一点。当时，我有个搭档名叫约翰，我比他早几个星期入职。在他入职后，我很快发现他在简历上造假，并且靠蒙混过关通过了面试，他根本不知道具体的工作职责是什么，也不知道如何使用所有人都应该熟悉掌握的行业标准软件。</p>\n<p style=\"margin: 0px; padding: 0px;\">&nbsp; &nbsp; 一开始，我非常愤怒，并且想要揭发他。但后来发生了一件有趣的事情，让我打消了此念头&mdash;&mdash;约翰是一个超级学习者。他的办公桌上贴满了便利贴、记事本上写满了笔记，而且似乎为自己准备了无数套三步骤的工作模式。他的学习动力和劲头令人惊叹，短短几个月后，他就熟练掌握了入职时完全不懂的所有东西，并且业绩水平已经与我不相上下。</p>\n<p style=\"margin: 0px; padding: 0px;\">&nbsp; &nbsp; 当然，他可能是通过蒙骗的手段得到了这份工作，但到了这个阶段，我和他之间，已经没有实际的区别。他在短时间内掌握了工作所需的所有技能，并借此成功地在公司继续工作了数年。可以说，约翰给我上了很重要的一课，让我对学习的过程和价值产生了一个清醒的认识。</p>\n<p style=\"margin: 0px; padding: 0px;\">&nbsp; &nbsp; 学习是这样一件事：</p>\n<p style=\"margin: 0px; padding: 0px;\">&nbsp; &nbsp; 过程：学习的过程并不如想象般艰难，而且一定存在久经考验的学习方法，帮助人们取得更好的学习效果。毕竟，那些取得了比我更优异成绩的孩子，也不是个个都比我更聪明，不是吗？</p>\n<p style=\"margin: 0px; padding: 0px;\">&nbsp; &nbsp; 价值：学习的价值就在于它能够帮助我们打开无数可能的大门。学习的价值已经超乎了我个人的想象。它能够运用到工作、日常生活、兴趣爱好以及人生的方方面面，学习能够帮助我，成为想要成为的人。</p>\n<p style=\"margin: 0px; padding: 0px;\">&nbsp; &nbsp; 到底什么是学习（抛开其学术层面的定义）？学习就是创造自己想要的生活；学习是让自己□得更好的唯一途径；学习也是每个人能够拥有的Zui基本的一项技能。如果我们不会学习，又将如何改善自己的现状呢？</p>\n<p style=\"margin: 0px; padding: 0px;\">&nbsp; &nbsp; 因此，欢迎阅读这本书，在这里，你将Zui终学会如何学习！</p>\n</div>\n</div>\n</li>\n</ul>\n</div>');
INSERT INTO `tushuxinxi` VALUES ('18', '2104152142014', '不拘一格', '1', 'upload/21fe9d69858ed5c8d07defae56c17684.png', '10.00', '52', '012806', '老舍', '北京出版社', '0', '<div id=\"desc3\" style=\"margin: 0px; padding: 0px; color: rgb(117, 117, 117); font-family: pingfangSC; font-size: 14px; font-style: normal; font-variant-ligatures: normal; font-variant-caps: normal; font-weight: 400; letter-spacing: normal; orphans: 2; text-align: start; text-indent: 0px; text-transform: none; widows: 2; word-spacing: 0px; -webkit-text-stroke-width: 0px; white-space: normal; background-color: rgb(255, 255, 255); text-decoration-thickness: initial; text-decoration-style: initial; text-decoration-color: initial;\">\n<div style=\"margin: 0px; padding: 0px; height: 25px; border-bottom: 3px solid rgb(228, 57, 60);\">\n<h3 style=\"margin: 0px; padding: 0px 0px 0px 20px; font-size: 14px; font-weight: bold; margin-block: 1em; margin-inline: 0px; line-height: 28px; width: 69px; height: 25px; overflow: hidden; color: rgb(255, 255, 255); background: url(\'data:image.jpg.avif;base64,/9j/4AAQSkZJRgABAQEAYABgAAD/4QBmRXhpZgAATU0AKgAAAAgABgESAAMAAAABAAEAAAMBAAUAAAABAAAAVgMDAAEAAAABAAAAAFEQAAEAAAABAQAAAFERAAQAAAABAAAOxFESAAQAAAABAAAOxAAAAAAAAYagAACxj//bAEMAAgEBAgEBAgICAgICAgIDBQMDAwMDBgQEAwUHBgcHBwYHBwgJCwkICAoIBwcKDQoKCwwMDAwHCQ4PDQwOCwwMDP/bAEMBAgICAwMDBgMDBgwIBwgMDAwMDAwMDAwMDAwMDAwMDAwMDAwMDAwMDAwMDAwMDAwMDAwMDAwMDAwMDAwMDAwMDP/AABEIABAACwMBIgACEQEDEQH/xAAfAAABBQEBAQEBAQAAAAAAAAAAAQIDBAUGBwgJCgv/xAC1EAACAQMDAgQDBQUEBAAAAX0BAgMABBEFEiExQQYTUWEHInEUMoGRoQgjQrHBFVLR8CQzYnKCCQoWFxgZGiUmJygpKjQ1Njc4OTpDREVGR0hJSlNUVVZXWFlaY2RlZmdoaWpzdHV2d3h5eoOEhYaHiImKkpOUlZaXmJmaoqOkpaanqKmqsrO0tba3uLm6wsPExcbHyMnK0tPU1dbX2Nna4eLj5OXm5+jp6vHy8/T19vf4+fr/xAAfAQADAQEBAQEBAQEBAAAAAAAAAQIDBAUGBwgJCgv/xAC1EQACAQIEBAMEBwUEBAABAncAAQIDEQQFITEGEkFRB2FxEyIygQgUQpGhscEJIzNS8BVictEKFiQ04SXxFxgZGiYnKCkqNTY3ODk6Q0RFRkdISUpTVFVWV1hZWmNkZWZnaGlqc3R1dnd4eXqCg4SFhoeIiYqSk5SVlpeYmZqio6Slpqeoqaqys7S1tre4ubrCw8TFxsfIycrS09TV1tfY2dri4+Tl5ufo6ery8/T19vf4+fr/2gAMAwEAAhEDEQA/AP1q/aE/aS0Xx5PY+H9Iv9U/suyvL2516RIZLSPUbWyimWS2hd9jzqbjyi3k7o5EidWZo3ZW9Q/ZY8N6h4S+AXhy21W6+03txFJfsgne4jskuZnuI7SOR+Xit0lWBGwoKQqQqDCL8V6Nq2v+DtQsvDPimw8TaifC+qT3c+nW2nveX1y8HnPE1tCkT3BieQKVIfa0YkOVtz5Y+uv2Qfh/eeCPgBpNhDBP4dsjd6hdWGmvZ+Q1nZz39xNbIYnAeHEEkf7llVovuFVKlR/PHhnn2e5txnmVfOsPOEVTUKbXOqMYwqzXLaWjqzUoyk0tFHTR2P0TiTLKGDyyFGjJW507782k/euktbWurWs466a//9k=\') 0px 0px no-repeat rgb(228, 57, 60);\">编辑推荐</h3>\n</div>\n<div style=\"margin: 0px; padding: 0px; line-height: 24px; font-size: 14px;\">\n<p style=\"margin: 0px; padding: 0px;\">&nbsp; &nbsp; ◆以诺贝尔物理学奖获得者理查德&amp;middot;费曼命名的费曼学习法是目前被实践验证过的、公认的，极其有效的学习方法，简单有效，适用于各年龄、各阶段、各学科的学习与复习。</p>\n<p style=\"margin: 0px; padding: 0px;\">&nbsp; &nbsp; ◆作者彼得&amp;middot;霍林斯是著名心理学家、脑科学家。他善于将脑科学、心理学、行为科学等专业的前沿理论知识与实践方法应用在学习领域，曾出版包括《思维模型：建立高品质思维的30种模型》在内的多部畅销书。</p>\n<p style=\"margin: 0px; padding: 0px;\">&nbsp; &nbsp; ◆本书不仅深入浅出地介绍了费曼学习法及其具体的实施步骤，还提供了26种具体学习方法，涵盖理解、提问、记忆、遗忘、信息提取、学习误区等内容，贯穿整个学习过程，为读者提供丰富而有效的技巧与方法。</p>\n<p style=\"margin: 0px; padding: 0px;\">&nbsp; &nbsp; ◆本书为读者提供包括费曼学习法在内的27个高级学习模型，帮助读者改善学习态度，提高学习能力。让思维可视化，让学习可量化，让记忆更牢固，让进步看得见。</p>\n<p style=\"margin: 0px; padding: 0px;\">&nbsp;</p>\n</div>\n</div>\n<div id=\"desc3\" style=\"margin: 0px; padding: 0px; color: rgb(117, 117, 117); font-family: pingfangSC; font-size: 14px; font-style: normal; font-variant-ligatures: normal; font-variant-caps: normal; font-weight: 400; letter-spacing: normal; orphans: 2; text-align: start; text-indent: 0px; text-transform: none; widows: 2; word-spacing: 0px; -webkit-text-stroke-width: 0px; white-space: normal; background-color: rgb(255, 255, 255); text-decoration-thickness: initial; text-decoration-style: initial; text-decoration-color: initial;\">\n<div style=\"margin: 0px; padding: 0px; height: 25px; border-bottom: 3px solid rgb(228, 57, 60);\">\n<h3 style=\"margin: 0px; padding: 0px 0px 0px 20px; font-size: 14px; font-weight: bold; margin-block: 1em; margin-inline: 0px; line-height: 28px; width: 69px; height: 25px; overflow: hidden; color: rgb(255, 255, 255); background: url(\'data:image.jpg.avif;base64,/9j/4AAQSkZJRgABAQEAYABgAAD/4QBmRXhpZgAATU0AKgAAAAgABgESAAMAAAABAAEAAAMBAAUAAAABAAAAVgMDAAEAAAABAAAAAFEQAAEAAAABAQAAAFERAAQAAAABAAAOxFESAAQAAAABAAAOxAAAAAAAAYagAACxj//bAEMAAgEBAgEBAgICAgICAgIDBQMDAwMDBgQEAwUHBgcHBwYHBwgJCwkICAoIBwcKDQoKCwwMDAwHCQ4PDQwOCwwMDP/bAEMBAgICAwMDBgMDBgwIBwgMDAwMDAwMDAwMDAwMDAwMDAwMDAwMDAwMDAwMDAwMDAwMDAwMDAwMDAwMDAwMDAwMDP/AABEIABAACwMBIgACEQEDEQH/xAAfAAABBQEBAQEBAQAAAAAAAAAAAQIDBAUGBwgJCgv/xAC1EAACAQMDAgQDBQUEBAAAAX0BAgMABBEFEiExQQYTUWEHInEUMoGRoQgjQrHBFVLR8CQzYnKCCQoWFxgZGiUmJygpKjQ1Njc4OTpDREVGR0hJSlNUVVZXWFlaY2RlZmdoaWpzdHV2d3h5eoOEhYaHiImKkpOUlZaXmJmaoqOkpaanqKmqsrO0tba3uLm6wsPExcbHyMnK0tPU1dbX2Nna4eLj5OXm5+jp6vHy8/T19vf4+fr/xAAfAQADAQEBAQEBAQEBAAAAAAAAAQIDBAUGBwgJCgv/xAC1EQACAQIEBAMEBwUEBAABAncAAQIDEQQFITEGEkFRB2FxEyIygQgUQpGhscEJIzNS8BVictEKFiQ04SXxFxgZGiYnKCkqNTY3ODk6Q0RFRkdISUpTVFVWV1hZWmNkZWZnaGlqc3R1dnd4eXqCg4SFhoeIiYqSk5SVlpeYmZqio6Slpqeoqaqys7S1tre4ubrCw8TFxsfIycrS09TV1tfY2dri4+Tl5ufo6ery8/T19vf4+fr/2gAMAwEAAhEDEQA/AP1q/aE/aS0Xx5PY+H9Iv9U/suyvL2516RIZLSPUbWyimWS2hd9jzqbjyi3k7o5EidWZo3ZW9Q/ZY8N6h4S+AXhy21W6+03txFJfsgne4jskuZnuI7SOR+Xit0lWBGwoKQqQqDCL8V6Nq2v+DtQsvDPimw8TaifC+qT3c+nW2nveX1y8HnPE1tCkT3BieQKVIfa0YkOVtz5Y+uv2Qfh/eeCPgBpNhDBP4dsjd6hdWGmvZ+Q1nZz39xNbIYnAeHEEkf7llVovuFVKlR/PHhnn2e5txnmVfOsPOEVTUKbXOqMYwqzXLaWjqzUoyk0tFHTR2P0TiTLKGDyyFGjJW507782k/euktbWurWs466a//9k=\') 0px 0px no-repeat rgb(228, 57, 60);\">内容简介</h3>\n</div>\n<div style=\"margin: 0px; padding: 0px; line-height: 24px; font-size: 14px;\">\n<p style=\"margin: 0px; padding: 0px;\">&nbsp; &nbsp; 费曼学习法因诺贝尔奖得主、物理学家理查德&amp;middot;费曼而得名。理查德&amp;middot;费曼被认为是爱因斯坦之后Zui睿智的理论物理学家，也是第一位提出纳米概念的人。他在教学科研、美学艺术等众多领域都取得了举世瞩目的伟大成就，他的学习方法被称为&ldquo;费曼学习法&rdquo;，并广为流传。</p>\n<p style=\"margin: 0px; padding: 0px;\">&nbsp; &nbsp; 费曼学习法，能验证学习者是否真正掌握了知识，能够帮助学习者提高知识的吸收效率，真正理解并学会运用知识。费曼学习法要求学习者在学习时，能用直白浅显的语言把复杂深奥的问题或知识讲清楚，促使学习者进入积极主动的学习状态，发现知识的重难点，而后达到融会贯通的境界。</p>\n<p style=\"margin: 0px; padding: 0px;\">&nbsp; &nbsp; 费曼学习法是目前被实践验证过的、公认的，极其有效的学习方法。简单有效，适用于各年龄、各阶段、各学科的学习与复习。</p>\n<p style=\"margin: 0px; padding: 0px;\">&nbsp;</p>\n</div>\n</div>\n<div id=\"desc3\" style=\"margin: 0px; padding: 0px; color: rgb(117, 117, 117); font-family: pingfangSC; font-size: 14px; font-style: normal; font-variant-ligatures: normal; font-variant-caps: normal; font-weight: 400; letter-spacing: normal; orphans: 2; text-align: start; text-indent: 0px; text-transform: none; widows: 2; word-spacing: 0px; -webkit-text-stroke-width: 0px; white-space: normal; background-color: rgb(255, 255, 255); text-decoration-thickness: initial; text-decoration-style: initial; text-decoration-color: initial;\">\n<div style=\"margin: 0px; padding: 0px; height: 25px; border-bottom: 3px solid rgb(228, 57, 60);\">\n<h3 style=\"margin: 0px; padding: 0px 0px 0px 20px; font-size: 14px; font-weight: bold; margin-block: 1em; margin-inline: 0px; line-height: 28px; width: 69px; height: 25px; overflow: hidden; color: rgb(255, 255, 255); background: url(\'data:image.jpg.avif;base64,/9j/4AAQSkZJRgABAQEAYABgAAD/4QBmRXhpZgAATU0AKgAAAAgABgESAAMAAAABAAEAAAMBAAUAAAABAAAAVgMDAAEAAAABAAAAAFEQAAEAAAABAQAAAFERAAQAAAABAAAOxFESAAQAAAABAAAOxAAAAAAAAYagAACxj//bAEMAAgEBAgEBAgICAgICAgIDBQMDAwMDBgQEAwUHBgcHBwYHBwgJCwkICAoIBwcKDQoKCwwMDAwHCQ4PDQwOCwwMDP/bAEMBAgICAwMDBgMDBgwIBwgMDAwMDAwMDAwMDAwMDAwMDAwMDAwMDAwMDAwMDAwMDAwMDAwMDAwMDAwMDAwMDAwMDP/AABEIABAACwMBIgACEQEDEQH/xAAfAAABBQEBAQEBAQAAAAAAAAAAAQIDBAUGBwgJCgv/xAC1EAACAQMDAgQDBQUEBAAAAX0BAgMABBEFEiExQQYTUWEHInEUMoGRoQgjQrHBFVLR8CQzYnKCCQoWFxgZGiUmJygpKjQ1Njc4OTpDREVGR0hJSlNUVVZXWFlaY2RlZmdoaWpzdHV2d3h5eoOEhYaHiImKkpOUlZaXmJmaoqOkpaanqKmqsrO0tba3uLm6wsPExcbHyMnK0tPU1dbX2Nna4eLj5OXm5+jp6vHy8/T19vf4+fr/xAAfAQADAQEBAQEBAQEBAAAAAAAAAQIDBAUGBwgJCgv/xAC1EQACAQIEBAMEBwUEBAABAncAAQIDEQQFITEGEkFRB2FxEyIygQgUQpGhscEJIzNS8BVictEKFiQ04SXxFxgZGiYnKCkqNTY3ODk6Q0RFRkdISUpTVFVWV1hZWmNkZWZnaGlqc3R1dnd4eXqCg4SFhoeIiYqSk5SVlpeYmZqio6Slpqeoqaqys7S1tre4ubrCw8TFxsfIycrS09TV1tfY2dri4+Tl5ufo6ery8/T19vf4+fr/2gAMAwEAAhEDEQA/AP1q/aE/aS0Xx5PY+H9Iv9U/suyvL2516RIZLSPUbWyimWS2hd9jzqbjyi3k7o5EidWZo3ZW9Q/ZY8N6h4S+AXhy21W6+03txFJfsgne4jskuZnuI7SOR+Xit0lWBGwoKQqQqDCL8V6Nq2v+DtQsvDPimw8TaifC+qT3c+nW2nveX1y8HnPE1tCkT3BieQKVIfa0YkOVtz5Y+uv2Qfh/eeCPgBpNhDBP4dsjd6hdWGmvZ+Q1nZz39xNbIYnAeHEEkf7llVovuFVKlR/PHhnn2e5txnmVfOsPOEVTUKbXOqMYwqzXLaWjqzUoyk0tFHTR2P0TiTLKGDyyFGjJW507782k/euktbWurWs466a//9k=\') 0px 0px no-repeat rgb(228, 57, 60);\">前言序言</h3>\n</div>\n<div style=\"margin: 0px; padding: 0px; line-height: 24px; font-size: 14px;\">\n<p style=\"margin: 0px; padding: 0px;\">&nbsp; &nbsp; 对我来说，学习从来都不是件容易的事，这也是为什么，从幼儿园，到高中毕业，再到大学，我一直都是一个平庸的学生。</p>\n<p style=\"margin: 0px; padding: 0px;\">&nbsp; &nbsp; 甚至连我的父母，好像也察觉了我没有成为好学生的天分，转而开始表扬我的&ldquo;生活智慧&rdquo;，或者我的手工多么厉害。在我看来，这是因为他们实在是没办法赞美我的学习成绩，不得不绞尽脑汁，找些别的优点对我予以肯定和鼓励。</p>\n<p style=\"margin: 0px; padding: 0px;\">&nbsp; &nbsp; 但我从未像其他孩子那样，因为自己的成绩平平而感到挣扎或难过。有些孩子，可能在看到班上其他人名列前茅时，感到沮丧或嫉妒，但我不会。我认为，每个人都可以作出自己的贡献，成绩不一定是衡量个人价值的唯一标准。</p>\n<p style=\"margin: 0px; padding: 0px;\">&nbsp; &nbsp; 我知道，当我还是一个小孩子的时候，能够拥有这样的见解，可谓颇有见地。然而，从很多方面来看，这种说法也会导致令人难以置信的误导。</p>\n<p style=\"margin: 0px; padding: 0px;\">&nbsp; &nbsp; 但Zui终，事实证明我是对的，成绩并不是唯一重要的。在某种程度上一个人的人生取决于他所掌握的知识，但只关注掌握的多少，会让人□得十分功利。学习的概念&mdash;&mdash;理解、回忆和运用新知识的能力&mdash;&mdash;才是真正重要的东西，并决定我们在事业、人际关系和生活中，Zui终可以达到什么样的高度。事实上，这种能力可能会成为我们人生的Zui重要的能力，决定人生的Zui终成就，无视你是否在出生时就站在了更有优势的起跑线上。</p>\n<p style=\"margin: 0px; padding: 0px;\">&nbsp; &nbsp; 如果你有能力快速地学习，一步一个脚印地走下去，你将发现全新的机遇。这些机遇，是你在被无法理解的东西困住的情况下，永远也不会看到的；你也会具备主导生活方向的能力，因为导致你无法追求理想生活的唯一障碍，就是你的学习能力！</p>\n<p style=\"margin: 0px; padding: 0px;\">&nbsp; &nbsp; 我从自己的第一份工作中，深刻地体会到这一点。当时，我有个搭档名叫约翰，我比他早几个星期入职。在他入职后，我很快发现他在简历上造假，并且靠蒙混过关通过了面试，他根本不知道具体的工作职责是什么，也不知道如何使用所有人都应该熟悉掌握的行业标准软件。</p>\n<p style=\"margin: 0px; padding: 0px;\">&nbsp; &nbsp; 一开始，我非常愤怒，并且想要揭发他。但后来发生了一件有趣的事情，让我打消了此念头&mdash;&mdash;约翰是一个超级学习者。他的办公桌上贴满了便利贴、记事本上写满了笔记，而且似乎为自己准备了无数套三步骤的工作模式。他的学习动力和劲头令人惊叹，短短几个月后，他就熟练掌握了入职时完全不懂的所有东西，并且业绩水平已经与我不相上下。</p>\n<p style=\"margin: 0px; padding: 0px;\">&nbsp; &nbsp; 当然，他可能是通过蒙骗的手段得到了这份工作，但到了这个阶段，我和他之间，已经没有实际的区别。他在短时间内掌握了工作所需的所有技能，并借此成功地在公司继续工作了数年。可以说，约翰给我上了很重要的一课，让我对学习的过程和价值产生了一个清醒的认识。</p>\n<p style=\"margin: 0px; padding: 0px;\">&nbsp; &nbsp; 学习是这样一件事：</p>\n<p style=\"margin: 0px; padding: 0px;\">&nbsp; &nbsp; 过程：学习的过程并不如想象般艰难，而且一定存在久经考验的学习方法，帮助人们取得更好的学习效果。毕竟，那些取得了比我更优异成绩的孩子，也不是个个都比我更聪明，不是吗？</p>\n<p style=\"margin: 0px; padding: 0px;\">&nbsp; &nbsp; 价值：学习的价值就在于它能够帮助我们打开无数可能的大门。学习的价值已经超乎了我个人的想象。它能够运用到工作、日常生活、兴趣爱好以及人生的方方面面，学习能够帮助我，成为想要成为的人。</p>\n<p style=\"margin: 0px; padding: 0px;\">&nbsp; &nbsp; 到底什么是学习（抛开其学术层面的定义）？学习就是创造自己想要的生活；学习是让自己□得更好的唯一途径；学习也是每个人能够拥有的Zui基本的一项技能。如果我们不会学习，又将如何改善自己的现状呢？</p>\n<p style=\"margin: 0px; padding: 0px;\">&nbsp; &nbsp; 因此，欢迎阅读这本书，在这里，你将Zui终学会如何学习！</p>\n</div>\n</div>');
INSERT INTO `tushuxinxi` VALUES ('19', '2104152143200', '高效执行力', '2', 'upload/4171a0e64a212142b3f11568d01fb37b.png', '10.00', '69', '012807', '老舍', '上海出版社', '1', '<div id=\"desc3\" style=\"margin: 0px; padding: 0px; color: rgb(117, 117, 117); font-family: pingfangSC; font-size: 14px; font-style: normal; font-variant-ligatures: normal; font-variant-caps: normal; font-weight: 400; letter-spacing: normal; orphans: 2; text-align: start; text-indent: 0px; text-transform: none; widows: 2; word-spacing: 0px; -webkit-text-stroke-width: 0px; white-space: normal; background-color: rgb(255, 255, 255); text-decoration-thickness: initial; text-decoration-style: initial; text-decoration-color: initial;\">\n<div style=\"margin: 0px; padding: 0px; height: 25px; border-bottom: 3px solid rgb(228, 57, 60);\">\n<h3 style=\"margin: 0px; padding: 0px 0px 0px 20px; font-size: 14px; font-weight: bold; margin-block: 1em; margin-inline: 0px; line-height: 28px; width: 69px; height: 25px; overflow: hidden; color: rgb(255, 255, 255); background: url(\'data:image.jpg.avif;base64,/9j/4AAQSkZJRgABAQEAYABgAAD/4QBmRXhpZgAATU0AKgAAAAgABgESAAMAAAABAAEAAAMBAAUAAAABAAAAVgMDAAEAAAABAAAAAFEQAAEAAAABAQAAAFERAAQAAAABAAAOxFESAAQAAAABAAAOxAAAAAAAAYagAACxj//bAEMAAgEBAgEBAgICAgICAgIDBQMDAwMDBgQEAwUHBgcHBwYHBwgJCwkICAoIBwcKDQoKCwwMDAwHCQ4PDQwOCwwMDP/bAEMBAgICAwMDBgMDBgwIBwgMDAwMDAwMDAwMDAwMDAwMDAwMDAwMDAwMDAwMDAwMDAwMDAwMDAwMDAwMDAwMDAwMDP/AABEIABAACwMBIgACEQEDEQH/xAAfAAABBQEBAQEBAQAAAAAAAAAAAQIDBAUGBwgJCgv/xAC1EAACAQMDAgQDBQUEBAAAAX0BAgMABBEFEiExQQYTUWEHInEUMoGRoQgjQrHBFVLR8CQzYnKCCQoWFxgZGiUmJygpKjQ1Njc4OTpDREVGR0hJSlNUVVZXWFlaY2RlZmdoaWpzdHV2d3h5eoOEhYaHiImKkpOUlZaXmJmaoqOkpaanqKmqsrO0tba3uLm6wsPExcbHyMnK0tPU1dbX2Nna4eLj5OXm5+jp6vHy8/T19vf4+fr/xAAfAQADAQEBAQEBAQEBAAAAAAAAAQIDBAUGBwgJCgv/xAC1EQACAQIEBAMEBwUEBAABAncAAQIDEQQFITEGEkFRB2FxEyIygQgUQpGhscEJIzNS8BVictEKFiQ04SXxFxgZGiYnKCkqNTY3ODk6Q0RFRkdISUpTVFVWV1hZWmNkZWZnaGlqc3R1dnd4eXqCg4SFhoeIiYqSk5SVlpeYmZqio6Slpqeoqaqys7S1tre4ubrCw8TFxsfIycrS09TV1tfY2dri4+Tl5ufo6ery8/T19vf4+fr/2gAMAwEAAhEDEQA/AP1q/aE/aS0Xx5PY+H9Iv9U/suyvL2516RIZLSPUbWyimWS2hd9jzqbjyi3k7o5EidWZo3ZW9Q/ZY8N6h4S+AXhy21W6+03txFJfsgne4jskuZnuI7SOR+Xit0lWBGwoKQqQqDCL8V6Nq2v+DtQsvDPimw8TaifC+qT3c+nW2nveX1y8HnPE1tCkT3BieQKVIfa0YkOVtz5Y+uv2Qfh/eeCPgBpNhDBP4dsjd6hdWGmvZ+Q1nZz39xNbIYnAeHEEkf7llVovuFVKlR/PHhnn2e5txnmVfOsPOEVTUKbXOqMYwqzXLaWjqzUoyk0tFHTR2P0TiTLKGDyyFGjJW507782k/euktbWurWs466a//9k=\') 0px 0px no-repeat rgb(228, 57, 60);\">编辑推荐</h3>\n</div>\n<div style=\"margin: 0px; padding: 0px; line-height: 24px; font-size: 14px;\">\n<p style=\"margin: 0px; padding: 0px;\">&nbsp; &nbsp; ◆以诺贝尔物理学奖获得者理查德&amp;middot;费曼命名的费曼学习法是目前被实践验证过的、公认的，极其有效的学习方法，简单有效，适用于各年龄、各阶段、各学科的学习与复习。</p>\n<p style=\"margin: 0px; padding: 0px;\">&nbsp; &nbsp; ◆作者彼得&amp;middot;霍林斯是著名心理学家、脑科学家。他善于将脑科学、心理学、行为科学等专业的前沿理论知识与实践方法应用在学习领域，曾出版包括《思维模型：建立高品质思维的30种模型》在内的多部畅销书。</p>\n<p style=\"margin: 0px; padding: 0px;\">&nbsp; &nbsp; ◆本书不仅深入浅出地介绍了费曼学习法及其具体的实施步骤，还提供了26种具体学习方法，涵盖理解、提问、记忆、遗忘、信息提取、学习误区等内容，贯穿整个学习过程，为读者提供丰富而有效的技巧与方法。</p>\n<p style=\"margin: 0px; padding: 0px;\">&nbsp; &nbsp; ◆本书为读者提供包括费曼学习法在内的27个高级学习模型，帮助读者改善学习态度，提高学习能力。让思维可视化，让学习可量化，让记忆更牢固，让进步看得见。</p>\n<p style=\"margin: 0px; padding: 0px;\">&nbsp;</p>\n</div>\n</div>\n<div id=\"desc3\" style=\"margin: 0px; padding: 0px; color: rgb(117, 117, 117); font-family: pingfangSC; font-size: 14px; font-style: normal; font-variant-ligatures: normal; font-variant-caps: normal; font-weight: 400; letter-spacing: normal; orphans: 2; text-align: start; text-indent: 0px; text-transform: none; widows: 2; word-spacing: 0px; -webkit-text-stroke-width: 0px; white-space: normal; background-color: rgb(255, 255, 255); text-decoration-thickness: initial; text-decoration-style: initial; text-decoration-color: initial;\">\n<div style=\"margin: 0px; padding: 0px; height: 25px; border-bottom: 3px solid rgb(228, 57, 60);\">\n<h3 style=\"margin: 0px; padding: 0px 0px 0px 20px; font-size: 14px; font-weight: bold; margin-block: 1em; margin-inline: 0px; line-height: 28px; width: 69px; height: 25px; overflow: hidden; color: rgb(255, 255, 255); background: url(\'data:image.jpg.avif;base64,/9j/4AAQSkZJRgABAQEAYABgAAD/4QBmRXhpZgAATU0AKgAAAAgABgESAAMAAAABAAEAAAMBAAUAAAABAAAAVgMDAAEAAAABAAAAAFEQAAEAAAABAQAAAFERAAQAAAABAAAOxFESAAQAAAABAAAOxAAAAAAAAYagAACxj//bAEMAAgEBAgEBAgICAgICAgIDBQMDAwMDBgQEAwUHBgcHBwYHBwgJCwkICAoIBwcKDQoKCwwMDAwHCQ4PDQwOCwwMDP/bAEMBAgICAwMDBgMDBgwIBwgMDAwMDAwMDAwMDAwMDAwMDAwMDAwMDAwMDAwMDAwMDAwMDAwMDAwMDAwMDAwMDAwMDP/AABEIABAACwMBIgACEQEDEQH/xAAfAAABBQEBAQEBAQAAAAAAAAAAAQIDBAUGBwgJCgv/xAC1EAACAQMDAgQDBQUEBAAAAX0BAgMABBEFEiExQQYTUWEHInEUMoGRoQgjQrHBFVLR8CQzYnKCCQoWFxgZGiUmJygpKjQ1Njc4OTpDREVGR0hJSlNUVVZXWFlaY2RlZmdoaWpzdHV2d3h5eoOEhYaHiImKkpOUlZaXmJmaoqOkpaanqKmqsrO0tba3uLm6wsPExcbHyMnK0tPU1dbX2Nna4eLj5OXm5+jp6vHy8/T19vf4+fr/xAAfAQADAQEBAQEBAQEBAAAAAAAAAQIDBAUGBwgJCgv/xAC1EQACAQIEBAMEBwUEBAABAncAAQIDEQQFITEGEkFRB2FxEyIygQgUQpGhscEJIzNS8BVictEKFiQ04SXxFxgZGiYnKCkqNTY3ODk6Q0RFRkdISUpTVFVWV1hZWmNkZWZnaGlqc3R1dnd4eXqCg4SFhoeIiYqSk5SVlpeYmZqio6Slpqeoqaqys7S1tre4ubrCw8TFxsfIycrS09TV1tfY2dri4+Tl5ufo6ery8/T19vf4+fr/2gAMAwEAAhEDEQA/AP1q/aE/aS0Xx5PY+H9Iv9U/suyvL2516RIZLSPUbWyimWS2hd9jzqbjyi3k7o5EidWZo3ZW9Q/ZY8N6h4S+AXhy21W6+03txFJfsgne4jskuZnuI7SOR+Xit0lWBGwoKQqQqDCL8V6Nq2v+DtQsvDPimw8TaifC+qT3c+nW2nveX1y8HnPE1tCkT3BieQKVIfa0YkOVtz5Y+uv2Qfh/eeCPgBpNhDBP4dsjd6hdWGmvZ+Q1nZz39xNbIYnAeHEEkf7llVovuFVKlR/PHhnn2e5txnmVfOsPOEVTUKbXOqMYwqzXLaWjqzUoyk0tFHTR2P0TiTLKGDyyFGjJW507782k/euktbWurWs466a//9k=\') 0px 0px no-repeat rgb(228, 57, 60);\">内容简介</h3>\n</div>\n<div style=\"margin: 0px; padding: 0px; line-height: 24px; font-size: 14px;\">\n<p style=\"margin: 0px; padding: 0px;\">&nbsp; &nbsp; 费曼学习法因诺贝尔奖得主、物理学家理查德&amp;middot;费曼而得名。理查德&amp;middot;费曼被认为是爱因斯坦之后Zui睿智的理论物理学家，也是第一位提出纳米概念的人。他在教学科研、美学艺术等众多领域都取得了举世瞩目的伟大成就，他的学习方法被称为&ldquo;费曼学习法&rdquo;，并广为流传。</p>\n<p style=\"margin: 0px; padding: 0px;\">&nbsp; &nbsp; 费曼学习法，能验证学习者是否真正掌握了知识，能够帮助学习者提高知识的吸收效率，真正理解并学会运用知识。费曼学习法要求学习者在学习时，能用直白浅显的语言把复杂深奥的问题或知识讲清楚，促使学习者进入积极主动的学习状态，发现知识的重难点，而后达到融会贯通的境界。</p>\n<p style=\"margin: 0px; padding: 0px;\">&nbsp; &nbsp; 费曼学习法是目前被实践验证过的、公认的，极其有效的学习方法。简单有效，适用于各年龄、各阶段、各学科的学习与复习。</p>\n<p style=\"margin: 0px; padding: 0px;\">&nbsp;</p>\n</div>\n</div>\n<div id=\"desc3\" style=\"margin: 0px; padding: 0px; color: rgb(117, 117, 117); font-family: pingfangSC; font-size: 14px; font-style: normal; font-variant-ligatures: normal; font-variant-caps: normal; font-weight: 400; letter-spacing: normal; orphans: 2; text-align: start; text-indent: 0px; text-transform: none; widows: 2; word-spacing: 0px; -webkit-text-stroke-width: 0px; white-space: normal; background-color: rgb(255, 255, 255); text-decoration-thickness: initial; text-decoration-style: initial; text-decoration-color: initial;\">\n<div style=\"margin: 0px; padding: 0px; height: 25px; border-bottom: 3px solid rgb(228, 57, 60);\">\n<h3 style=\"margin: 0px; padding: 0px 0px 0px 20px; font-size: 14px; font-weight: bold; margin-block: 1em; margin-inline: 0px; line-height: 28px; width: 69px; height: 25px; overflow: hidden; color: rgb(255, 255, 255); background: url(\'data:image.jpg.avif;base64,/9j/4AAQSkZJRgABAQEAYABgAAD/4QBmRXhpZgAATU0AKgAAAAgABgESAAMAAAABAAEAAAMBAAUAAAABAAAAVgMDAAEAAAABAAAAAFEQAAEAAAABAQAAAFERAAQAAAABAAAOxFESAAQAAAABAAAOxAAAAAAAAYagAACxj//bAEMAAgEBAgEBAgICAgICAgIDBQMDAwMDBgQEAwUHBgcHBwYHBwgJCwkICAoIBwcKDQoKCwwMDAwHCQ4PDQwOCwwMDP/bAEMBAgICAwMDBgMDBgwIBwgMDAwMDAwMDAwMDAwMDAwMDAwMDAwMDAwMDAwMDAwMDAwMDAwMDAwMDAwMDAwMDAwMDP/AABEIABAACwMBIgACEQEDEQH/xAAfAAABBQEBAQEBAQAAAAAAAAAAAQIDBAUGBwgJCgv/xAC1EAACAQMDAgQDBQUEBAAAAX0BAgMABBEFEiExQQYTUWEHInEUMoGRoQgjQrHBFVLR8CQzYnKCCQoWFxgZGiUmJygpKjQ1Njc4OTpDREVGR0hJSlNUVVZXWFlaY2RlZmdoaWpzdHV2d3h5eoOEhYaHiImKkpOUlZaXmJmaoqOkpaanqKmqsrO0tba3uLm6wsPExcbHyMnK0tPU1dbX2Nna4eLj5OXm5+jp6vHy8/T19vf4+fr/xAAfAQADAQEBAQEBAQEBAAAAAAAAAQIDBAUGBwgJCgv/xAC1EQACAQIEBAMEBwUEBAABAncAAQIDEQQFITEGEkFRB2FxEyIygQgUQpGhscEJIzNS8BVictEKFiQ04SXxFxgZGiYnKCkqNTY3ODk6Q0RFRkdISUpTVFVWV1hZWmNkZWZnaGlqc3R1dnd4eXqCg4SFhoeIiYqSk5SVlpeYmZqio6Slpqeoqaqys7S1tre4ubrCw8TFxsfIycrS09TV1tfY2dri4+Tl5ufo6ery8/T19vf4+fr/2gAMAwEAAhEDEQA/AP1q/aE/aS0Xx5PY+H9Iv9U/suyvL2516RIZLSPUbWyimWS2hd9jzqbjyi3k7o5EidWZo3ZW9Q/ZY8N6h4S+AXhy21W6+03txFJfsgne4jskuZnuI7SOR+Xit0lWBGwoKQqQqDCL8V6Nq2v+DtQsvDPimw8TaifC+qT3c+nW2nveX1y8HnPE1tCkT3BieQKVIfa0YkOVtz5Y+uv2Qfh/eeCPgBpNhDBP4dsjd6hdWGmvZ+Q1nZz39xNbIYnAeHEEkf7llVovuFVKlR/PHhnn2e5txnmVfOsPOEVTUKbXOqMYwqzXLaWjqzUoyk0tFHTR2P0TiTLKGDyyFGjJW507782k/euktbWurWs466a//9k=\') 0px 0px no-repeat rgb(228, 57, 60);\">前言序言</h3>\n</div>\n<div style=\"margin: 0px; padding: 0px; line-height: 24px; font-size: 14px;\">\n<p style=\"margin: 0px; padding: 0px;\">&nbsp; &nbsp; 对我来说，学习从来都不是件容易的事，这也是为什么，从幼儿园，到高中毕业，再到大学，我一直都是一个平庸的学生。</p>\n<p style=\"margin: 0px; padding: 0px;\">&nbsp; &nbsp; 甚至连我的父母，好像也察觉了我没有成为好学生的天分，转而开始表扬我的&ldquo;生活智慧&rdquo;，或者我的手工多么厉害。在我看来，这是因为他们实在是没办法赞美我的学习成绩，不得不绞尽脑汁，找些别的优点对我予以肯定和鼓励。</p>\n<p style=\"margin: 0px; padding: 0px;\">&nbsp; &nbsp; 但我从未像其他孩子那样，因为自己的成绩平平而感到挣扎或难过。有些孩子，可能在看到班上其他人名列前茅时，感到沮丧或嫉妒，但我不会。我认为，每个人都可以作出自己的贡献，成绩不一定是衡量个人价值的唯一标准。</p>\n<p style=\"margin: 0px; padding: 0px;\">&nbsp; &nbsp; 我知道，当我还是一个小孩子的时候，能够拥有这样的见解，可谓颇有见地。然而，从很多方面来看，这种说法也会导致令人难以置信的误导。</p>\n<p style=\"margin: 0px; padding: 0px;\">&nbsp; &nbsp; 但Zui终，事实证明我是对的，成绩并不是唯一重要的。在某种程度上一个人的人生取决于他所掌握的知识，但只关注掌握的多少，会让人□得十分功利。学习的概念&mdash;&mdash;理解、回忆和运用新知识的能力&mdash;&mdash;才是真正重要的东西，并决定我们在事业、人际关系和生活中，Zui终可以达到什么样的高度。事实上，这种能力可能会成为我们人生的Zui重要的能力，决定人生的Zui终成就，无视你是否在出生时就站在了更有优势的起跑线上。</p>\n<p style=\"margin: 0px; padding: 0px;\">&nbsp; &nbsp; 如果你有能力快速地学习，一步一个脚印地走下去，你将发现全新的机遇。这些机遇，是你在被无法理解的东西困住的情况下，永远也不会看到的；你也会具备主导生活方向的能力，因为导致你无法追求理想生活的唯一障碍，就是你的学习能力！</p>\n<p style=\"margin: 0px; padding: 0px;\">&nbsp; &nbsp; 我从自己的第一份工作中，深刻地体会到这一点。当时，我有个搭档名叫约翰，我比他早几个星期入职。在他入职后，我很快发现他在简历上造假，并且靠蒙混过关通过了面试，他根本不知道具体的工作职责是什么，也不知道如何使用所有人都应该熟悉掌握的行业标准软件。</p>\n<p style=\"margin: 0px; padding: 0px;\">&nbsp; &nbsp; 一开始，我非常愤怒，并且想要揭发他。但后来发生了一件有趣的事情，让我打消了此念头&mdash;&mdash;约翰是一个超级学习者。他的办公桌上贴满了便利贴、记事本上写满了笔记，而且似乎为自己准备了无数套三步骤的工作模式。他的学习动力和劲头令人惊叹，短短几个月后，他就熟练掌握了入职时完全不懂的所有东西，并且业绩水平已经与我不相上下。</p>\n<p style=\"margin: 0px; padding: 0px;\">&nbsp; &nbsp; 当然，他可能是通过蒙骗的手段得到了这份工作，但到了这个阶段，我和他之间，已经没有实际的区别。他在短时间内掌握了工作所需的所有技能，并借此成功地在公司继续工作了数年。可以说，约翰给我上了很重要的一课，让我对学习的过程和价值产生了一个清醒的认识。</p>\n<p style=\"margin: 0px; padding: 0px;\">&nbsp; &nbsp; 学习是这样一件事：</p>\n<p style=\"margin: 0px; padding: 0px;\">&nbsp; &nbsp; 过程：学习的过程并不如想象般艰难，而且一定存在久经考验的学习方法，帮助人们取得更好的学习效果。毕竟，那些取得了比我更优异成绩的孩子，也不是个个都比我更聪明，不是吗？</p>\n<p style=\"margin: 0px; padding: 0px;\">&nbsp; &nbsp; 价值：学习的价值就在于它能够帮助我们打开无数可能的大门。学习的价值已经超乎了我个人的想象。它能够运用到工作、日常生活、兴趣爱好以及人生的方方面面，学习能够帮助我，成为想要成为的人。</p>\n<p style=\"margin: 0px; padding: 0px;\">&nbsp; &nbsp; 到底什么是学习（抛开其学术层面的定义）？学习就是创造自己想要的生活；学习是让自己□得更好的唯一途径；学习也是每个人能够拥有的Zui基本的一项技能。如果我们不会学习，又将如何改善自己的现状呢？</p>\n<p style=\"margin: 0px; padding: 0px;\">&nbsp; &nbsp; 因此，欢迎阅读这本书，在这里，你将Zui终学会如何学习！</p>\n</div>\n</div>');
INSERT INTO `tushuxinxi` VALUES ('20', '2104152144400', '费曼学习法', '6', 'upload/747d65a4aeef8fc33287ba3451cd1fe7.png', '10.00', '48', '012808', '老舍', '上海出版社', '0', '<div id=\"desc3\" style=\"margin: 0px; padding: 0px; color: rgb(117, 117, 117); font-family: pingfangSC; font-size: 14px; font-style: normal; font-variant-ligatures: normal; font-variant-caps: normal; font-weight: 400; letter-spacing: normal; orphans: 2; text-align: start; text-indent: 0px; text-transform: none; widows: 2; word-spacing: 0px; -webkit-text-stroke-width: 0px; white-space: normal; background-color: rgb(255, 255, 255); text-decoration-thickness: initial; text-decoration-style: initial; text-decoration-color: initial;\">\n<div style=\"margin: 0px; padding: 0px; height: 25px; border-bottom: 3px solid rgb(228, 57, 60);\">\n<h3 style=\"margin: 0px; padding: 0px 0px 0px 20px; font-size: 14px; font-weight: bold; margin-block: 1em; margin-inline: 0px; line-height: 28px; width: 69px; height: 25px; overflow: hidden; color: rgb(255, 255, 255); background: url(\'data:image.jpg.avif;base64,/9j/4AAQSkZJRgABAQEAYABgAAD/4QBmRXhpZgAATU0AKgAAAAgABgESAAMAAAABAAEAAAMBAAUAAAABAAAAVgMDAAEAAAABAAAAAFEQAAEAAAABAQAAAFERAAQAAAABAAAOxFESAAQAAAABAAAOxAAAAAAAAYagAACxj//bAEMAAgEBAgEBAgICAgICAgIDBQMDAwMDBgQEAwUHBgcHBwYHBwgJCwkICAoIBwcKDQoKCwwMDAwHCQ4PDQwOCwwMDP/bAEMBAgICAwMDBgMDBgwIBwgMDAwMDAwMDAwMDAwMDAwMDAwMDAwMDAwMDAwMDAwMDAwMDAwMDAwMDAwMDAwMDAwMDP/AABEIABAACwMBIgACEQEDEQH/xAAfAAABBQEBAQEBAQAAAAAAAAAAAQIDBAUGBwgJCgv/xAC1EAACAQMDAgQDBQUEBAAAAX0BAgMABBEFEiExQQYTUWEHInEUMoGRoQgjQrHBFVLR8CQzYnKCCQoWFxgZGiUmJygpKjQ1Njc4OTpDREVGR0hJSlNUVVZXWFlaY2RlZmdoaWpzdHV2d3h5eoOEhYaHiImKkpOUlZaXmJmaoqOkpaanqKmqsrO0tba3uLm6wsPExcbHyMnK0tPU1dbX2Nna4eLj5OXm5+jp6vHy8/T19vf4+fr/xAAfAQADAQEBAQEBAQEBAAAAAAAAAQIDBAUGBwgJCgv/xAC1EQACAQIEBAMEBwUEBAABAncAAQIDEQQFITEGEkFRB2FxEyIygQgUQpGhscEJIzNS8BVictEKFiQ04SXxFxgZGiYnKCkqNTY3ODk6Q0RFRkdISUpTVFVWV1hZWmNkZWZnaGlqc3R1dnd4eXqCg4SFhoeIiYqSk5SVlpeYmZqio6Slpqeoqaqys7S1tre4ubrCw8TFxsfIycrS09TV1tfY2dri4+Tl5ufo6ery8/T19vf4+fr/2gAMAwEAAhEDEQA/AP1q/aE/aS0Xx5PY+H9Iv9U/suyvL2516RIZLSPUbWyimWS2hd9jzqbjyi3k7o5EidWZo3ZW9Q/ZY8N6h4S+AXhy21W6+03txFJfsgne4jskuZnuI7SOR+Xit0lWBGwoKQqQqDCL8V6Nq2v+DtQsvDPimw8TaifC+qT3c+nW2nveX1y8HnPE1tCkT3BieQKVIfa0YkOVtz5Y+uv2Qfh/eeCPgBpNhDBP4dsjd6hdWGmvZ+Q1nZz39xNbIYnAeHEEkf7llVovuFVKlR/PHhnn2e5txnmVfOsPOEVTUKbXOqMYwqzXLaWjqzUoyk0tFHTR2P0TiTLKGDyyFGjJW507782k/euktbWurWs466a//9k=\') 0px 0px no-repeat rgb(228, 57, 60);\">编辑推荐</h3>\n</div>\n<div style=\"margin: 0px; padding: 0px; line-height: 24px; font-size: 14px;\">\n<p style=\"margin: 0px; padding: 0px;\">&nbsp; &nbsp; ◆以诺贝尔物理学奖获得者理查德&amp;middot;费曼命名的费曼学习法是目前被实践验证过的、公认的，极其有效的学习方法，简单有效，适用于各年龄、各阶段、各学科的学习与复习。</p>\n<p style=\"margin: 0px; padding: 0px;\">&nbsp; &nbsp; ◆作者彼得&amp;middot;霍林斯是著名心理学家、脑科学家。他善于将脑科学、心理学、行为科学等专业的前沿理论知识与实践方法应用在学习领域，曾出版包括《思维模型：建立高品质思维的30种模型》在内的多部畅销书。</p>\n<p style=\"margin: 0px; padding: 0px;\">&nbsp; &nbsp; ◆本书不仅深入浅出地介绍了费曼学习法及其具体的实施步骤，还提供了26种具体学习方法，涵盖理解、提问、记忆、遗忘、信息提取、学习误区等内容，贯穿整个学习过程，为读者提供丰富而有效的技巧与方法。</p>\n<p style=\"margin: 0px; padding: 0px;\">&nbsp; &nbsp; ◆本书为读者提供包括费曼学习法在内的27个高级学习模型，帮助读者改善学习态度，提高学习能力。让思维可视化，让学习可量化，让记忆更牢固，让进步看得见。</p>\n<p style=\"margin: 0px; padding: 0px;\">&nbsp;</p>\n</div>\n</div>\n<div id=\"desc3\" style=\"margin: 0px; padding: 0px; color: rgb(117, 117, 117); font-family: pingfangSC; font-size: 14px; font-style: normal; font-variant-ligatures: normal; font-variant-caps: normal; font-weight: 400; letter-spacing: normal; orphans: 2; text-align: start; text-indent: 0px; text-transform: none; widows: 2; word-spacing: 0px; -webkit-text-stroke-width: 0px; white-space: normal; background-color: rgb(255, 255, 255); text-decoration-thickness: initial; text-decoration-style: initial; text-decoration-color: initial;\">\n<div style=\"margin: 0px; padding: 0px; height: 25px; border-bottom: 3px solid rgb(228, 57, 60);\">\n<h3 style=\"margin: 0px; padding: 0px 0px 0px 20px; font-size: 14px; font-weight: bold; margin-block: 1em; margin-inline: 0px; line-height: 28px; width: 69px; height: 25px; overflow: hidden; color: rgb(255, 255, 255); background: url(\'data:image.jpg.avif;base64,/9j/4AAQSkZJRgABAQEAYABgAAD/4QBmRXhpZgAATU0AKgAAAAgABgESAAMAAAABAAEAAAMBAAUAAAABAAAAVgMDAAEAAAABAAAAAFEQAAEAAAABAQAAAFERAAQAAAABAAAOxFESAAQAAAABAAAOxAAAAAAAAYagAACxj//bAEMAAgEBAgEBAgICAgICAgIDBQMDAwMDBgQEAwUHBgcHBwYHBwgJCwkICAoIBwcKDQoKCwwMDAwHCQ4PDQwOCwwMDP/bAEMBAgICAwMDBgMDBgwIBwgMDAwMDAwMDAwMDAwMDAwMDAwMDAwMDAwMDAwMDAwMDAwMDAwMDAwMDAwMDAwMDAwMDP/AABEIABAACwMBIgACEQEDEQH/xAAfAAABBQEBAQEBAQAAAAAAAAAAAQIDBAUGBwgJCgv/xAC1EAACAQMDAgQDBQUEBAAAAX0BAgMABBEFEiExQQYTUWEHInEUMoGRoQgjQrHBFVLR8CQzYnKCCQoWFxgZGiUmJygpKjQ1Njc4OTpDREVGR0hJSlNUVVZXWFlaY2RlZmdoaWpzdHV2d3h5eoOEhYaHiImKkpOUlZaXmJmaoqOkpaanqKmqsrO0tba3uLm6wsPExcbHyMnK0tPU1dbX2Nna4eLj5OXm5+jp6vHy8/T19vf4+fr/xAAfAQADAQEBAQEBAQEBAAAAAAAAAQIDBAUGBwgJCgv/xAC1EQACAQIEBAMEBwUEBAABAncAAQIDEQQFITEGEkFRB2FxEyIygQgUQpGhscEJIzNS8BVictEKFiQ04SXxFxgZGiYnKCkqNTY3ODk6Q0RFRkdISUpTVFVWV1hZWmNkZWZnaGlqc3R1dnd4eXqCg4SFhoeIiYqSk5SVlpeYmZqio6Slpqeoqaqys7S1tre4ubrCw8TFxsfIycrS09TV1tfY2dri4+Tl5ufo6ery8/T19vf4+fr/2gAMAwEAAhEDEQA/AP1q/aE/aS0Xx5PY+H9Iv9U/suyvL2516RIZLSPUbWyimWS2hd9jzqbjyi3k7o5EidWZo3ZW9Q/ZY8N6h4S+AXhy21W6+03txFJfsgne4jskuZnuI7SOR+Xit0lWBGwoKQqQqDCL8V6Nq2v+DtQsvDPimw8TaifC+qT3c+nW2nveX1y8HnPE1tCkT3BieQKVIfa0YkOVtz5Y+uv2Qfh/eeCPgBpNhDBP4dsjd6hdWGmvZ+Q1nZz39xNbIYnAeHEEkf7llVovuFVKlR/PHhnn2e5txnmVfOsPOEVTUKbXOqMYwqzXLaWjqzUoyk0tFHTR2P0TiTLKGDyyFGjJW507782k/euktbWurWs466a//9k=\') 0px 0px no-repeat rgb(228, 57, 60);\">内容简介</h3>\n</div>\n<div style=\"margin: 0px; padding: 0px; line-height: 24px; font-size: 14px;\">\n<p style=\"margin: 0px; padding: 0px;\">&nbsp; &nbsp; 费曼学习法因诺贝尔奖得主、物理学家理查德&amp;middot;费曼而得名。理查德&amp;middot;费曼被认为是爱因斯坦之后Zui睿智的理论物理学家，也是第一位提出纳米概念的人。他在教学科研、美学艺术等众多领域都取得了举世瞩目的伟大成就，他的学习方法被称为&ldquo;费曼学习法&rdquo;，并广为流传。</p>\n<p style=\"margin: 0px; padding: 0px;\">&nbsp; &nbsp; 费曼学习法，能验证学习者是否真正掌握了知识，能够帮助学习者提高知识的吸收效率，真正理解并学会运用知识。费曼学习法要求学习者在学习时，能用直白浅显的语言把复杂深奥的问题或知识讲清楚，促使学习者进入积极主动的学习状态，发现知识的重难点，而后达到融会贯通的境界。</p>\n<p style=\"margin: 0px; padding: 0px;\">&nbsp; &nbsp; 费曼学习法是目前被实践验证过的、公认的，极其有效的学习方法。简单有效，适用于各年龄、各阶段、各学科的学习与复习。</p>\n<p style=\"margin: 0px; padding: 0px;\">&nbsp;</p>\n</div>\n</div>\n<div id=\"desc3\" style=\"margin: 0px; padding: 0px; color: rgb(117, 117, 117); font-family: pingfangSC; font-size: 14px; font-style: normal; font-variant-ligatures: normal; font-variant-caps: normal; font-weight: 400; letter-spacing: normal; orphans: 2; text-align: start; text-indent: 0px; text-transform: none; widows: 2; word-spacing: 0px; -webkit-text-stroke-width: 0px; white-space: normal; background-color: rgb(255, 255, 255); text-decoration-thickness: initial; text-decoration-style: initial; text-decoration-color: initial;\">\n<div style=\"margin: 0px; padding: 0px; height: 25px; border-bottom: 3px solid rgb(228, 57, 60);\">\n<h3 style=\"margin: 0px; padding: 0px 0px 0px 20px; font-size: 14px; font-weight: bold; margin-block: 1em; margin-inline: 0px; line-height: 28px; width: 69px; height: 25px; overflow: hidden; color: rgb(255, 255, 255); background: url(\'data:image.jpg.avif;base64,/9j/4AAQSkZJRgABAQEAYABgAAD/4QBmRXhpZgAATU0AKgAAAAgABgESAAMAAAABAAEAAAMBAAUAAAABAAAAVgMDAAEAAAABAAAAAFEQAAEAAAABAQAAAFERAAQAAAABAAAOxFESAAQAAAABAAAOxAAAAAAAAYagAACxj//bAEMAAgEBAgEBAgICAgICAgIDBQMDAwMDBgQEAwUHBgcHBwYHBwgJCwkICAoIBwcKDQoKCwwMDAwHCQ4PDQwOCwwMDP/bAEMBAgICAwMDBgMDBgwIBwgMDAwMDAwMDAwMDAwMDAwMDAwMDAwMDAwMDAwMDAwMDAwMDAwMDAwMDAwMDAwMDAwMDP/AABEIABAACwMBIgACEQEDEQH/xAAfAAABBQEBAQEBAQAAAAAAAAAAAQIDBAUGBwgJCgv/xAC1EAACAQMDAgQDBQUEBAAAAX0BAgMABBEFEiExQQYTUWEHInEUMoGRoQgjQrHBFVLR8CQzYnKCCQoWFxgZGiUmJygpKjQ1Njc4OTpDREVGR0hJSlNUVVZXWFlaY2RlZmdoaWpzdHV2d3h5eoOEhYaHiImKkpOUlZaXmJmaoqOkpaanqKmqsrO0tba3uLm6wsPExcbHyMnK0tPU1dbX2Nna4eLj5OXm5+jp6vHy8/T19vf4+fr/xAAfAQADAQEBAQEBAQEBAAAAAAAAAQIDBAUGBwgJCgv/xAC1EQACAQIEBAMEBwUEBAABAncAAQIDEQQFITEGEkFRB2FxEyIygQgUQpGhscEJIzNS8BVictEKFiQ04SXxFxgZGiYnKCkqNTY3ODk6Q0RFRkdISUpTVFVWV1hZWmNkZWZnaGlqc3R1dnd4eXqCg4SFhoeIiYqSk5SVlpeYmZqio6Slpqeoqaqys7S1tre4ubrCw8TFxsfIycrS09TV1tfY2dri4+Tl5ufo6ery8/T19vf4+fr/2gAMAwEAAhEDEQA/AP1q/aE/aS0Xx5PY+H9Iv9U/suyvL2516RIZLSPUbWyimWS2hd9jzqbjyi3k7o5EidWZo3ZW9Q/ZY8N6h4S+AXhy21W6+03txFJfsgne4jskuZnuI7SOR+Xit0lWBGwoKQqQqDCL8V6Nq2v+DtQsvDPimw8TaifC+qT3c+nW2nveX1y8HnPE1tCkT3BieQKVIfa0YkOVtz5Y+uv2Qfh/eeCPgBpNhDBP4dsjd6hdWGmvZ+Q1nZz39xNbIYnAeHEEkf7llVovuFVKlR/PHhnn2e5txnmVfOsPOEVTUKbXOqMYwqzXLaWjqzUoyk0tFHTR2P0TiTLKGDyyFGjJW507782k/euktbWurWs466a//9k=\') 0px 0px no-repeat rgb(228, 57, 60);\">前言序言</h3>\n</div>\n<div style=\"margin: 0px; padding: 0px; line-height: 24px; font-size: 14px;\">\n<p style=\"margin: 0px; padding: 0px;\">&nbsp; &nbsp; 对我来说，学习从来都不是件容易的事，这也是为什么，从幼儿园，到高中毕业，再到大学，我一直都是一个平庸的学生。</p>\n<p style=\"margin: 0px; padding: 0px;\">&nbsp; &nbsp; 甚至连我的父母，好像也察觉了我没有成为好学生的天分，转而开始表扬我的&ldquo;生活智慧&rdquo;，或者我的手工多么厉害。在我看来，这是因为他们实在是没办法赞美我的学习成绩，不得不绞尽脑汁，找些别的优点对我予以肯定和鼓励。</p>\n<p style=\"margin: 0px; padding: 0px;\">&nbsp; &nbsp; 但我从未像其他孩子那样，因为自己的成绩平平而感到挣扎或难过。有些孩子，可能在看到班上其他人名列前茅时，感到沮丧或嫉妒，但我不会。我认为，每个人都可以作出自己的贡献，成绩不一定是衡量个人价值的唯一标准。</p>\n<p style=\"margin: 0px; padding: 0px;\">&nbsp; &nbsp; 我知道，当我还是一个小孩子的时候，能够拥有这样的见解，可谓颇有见地。然而，从很多方面来看，这种说法也会导致令人难以置信的误导。</p>\n<p style=\"margin: 0px; padding: 0px;\">&nbsp; &nbsp; 但Zui终，事实证明我是对的，成绩并不是唯一重要的。在某种程度上一个人的人生取决于他所掌握的知识，但只关注掌握的多少，会让人□得十分功利。学习的概念&mdash;&mdash;理解、回忆和运用新知识的能力&mdash;&mdash;才是真正重要的东西，并决定我们在事业、人际关系和生活中，Zui终可以达到什么样的高度。事实上，这种能力可能会成为我们人生的Zui重要的能力，决定人生的Zui终成就，无视你是否在出生时就站在了更有优势的起跑线上。</p>\n<p style=\"margin: 0px; padding: 0px;\">&nbsp; &nbsp; 如果你有能力快速地学习，一步一个脚印地走下去，你将发现全新的机遇。这些机遇，是你在被无法理解的东西困住的情况下，永远也不会看到的；你也会具备主导生活方向的能力，因为导致你无法追求理想生活的唯一障碍，就是你的学习能力！</p>\n<p style=\"margin: 0px; padding: 0px;\">&nbsp; &nbsp; 我从自己的第一份工作中，深刻地体会到这一点。当时，我有个搭档名叫约翰，我比他早几个星期入职。在他入职后，我很快发现他在简历上造假，并且靠蒙混过关通过了面试，他根本不知道具体的工作职责是什么，也不知道如何使用所有人都应该熟悉掌握的行业标准软件。</p>\n<p style=\"margin: 0px; padding: 0px;\">&nbsp; &nbsp; 一开始，我非常愤怒，并且想要揭发他。但后来发生了一件有趣的事情，让我打消了此念头&mdash;&mdash;约翰是一个超级学习者。他的办公桌上贴满了便利贴、记事本上写满了笔记，而且似乎为自己准备了无数套三步骤的工作模式。他的学习动力和劲头令人惊叹，短短几个月后，他就熟练掌握了入职时完全不懂的所有东西，并且业绩水平已经与我不相上下。</p>\n<p style=\"margin: 0px; padding: 0px;\">&nbsp; &nbsp; 当然，他可能是通过蒙骗的手段得到了这份工作，但到了这个阶段，我和他之间，已经没有实际的区别。他在短时间内掌握了工作所需的所有技能，并借此成功地在公司继续工作了数年。可以说，约翰给我上了很重要的一课，让我对学习的过程和价值产生了一个清醒的认识。</p>\n<p style=\"margin: 0px; padding: 0px;\">&nbsp; &nbsp; 学习是这样一件事：</p>\n<p style=\"margin: 0px; padding: 0px;\">&nbsp; &nbsp; 过程：学习的过程并不如想象般艰难，而且一定存在久经考验的学习方法，帮助人们取得更好的学习效果。毕竟，那些取得了比我更优异成绩的孩子，也不是个个都比我更聪明，不是吗？</p>\n<p style=\"margin: 0px; padding: 0px;\">&nbsp; &nbsp; 价值：学习的价值就在于它能够帮助我们打开无数可能的大门。学习的价值已经超乎了我个人的想象。它能够运用到工作、日常生活、兴趣爱好以及人生的方方面面，学习能够帮助我，成为想要成为的人。</p>\n<p style=\"margin: 0px; padding: 0px;\">&nbsp; &nbsp; 到底什么是学习（抛开其学术层面的定义）？学习就是创造自己想要的生活；学习是让自己□得更好的唯一途径；学习也是每个人能够拥有的Zui基本的一项技能。如果我们不会学习，又将如何改善自己的现状呢？</p>\n<p style=\"margin: 0px; padding: 0px;\">&nbsp; &nbsp; 因此，欢迎阅读这本书，在这里，你将Zui终学会如何学习！</p>\n</div>\n</div>');

-- ----------------------------
-- Table structure for `tushuxujie`
-- ----------------------------
DROP TABLE IF EXISTS `tushuxujie`;
CREATE TABLE `tushuxujie` (
  `id` int(10) unsigned NOT NULL AUTO_INCREMENT,
  `tushujieyueid` int(10) unsigned NOT NULL DEFAULT '0' COMMENT '图书借阅id',
  `tushuhao` varchar(50) NOT NULL DEFAULT '' COMMENT '图书号',
  `tushumingcheng` varchar(255) NOT NULL DEFAULT '' COMMENT '图书名称',
  `tushuleibie` int(10) unsigned NOT NULL DEFAULT '0' COMMENT '图书类别',
  `jieyuedanhao` varchar(50) NOT NULL DEFAULT '' COMMENT '借阅单号',
  `jieyueyonghu` varchar(50) NOT NULL DEFAULT '' COMMENT '借阅用户',
  `jieyueshijian` varchar(25) NOT NULL DEFAULT '' COMMENT '借阅时间',
  `guihuanshijian` varchar(25) NOT NULL DEFAULT '' COMMENT '归还时间',
  `xujiedao` varchar(25) NOT NULL DEFAULT '' COMMENT '续借到',
  `xujiebeizhu` text NOT NULL COMMENT '续借备注',
  PRIMARY KEY (`id`),
  KEY `tushujieyue_index` (`tushujieyueid`),
  KEY `tushuleibie_index` (`tushuleibie`)
) ENGINE=InnoDB AUTO_INCREMENT=3 DEFAULT CHARSET=utf8mb4 COMMENT='图书续借';

-- ----------------------------
-- Records of tushuxujie
-- ----------------------------
INSERT INTO `tushuxujie` VALUES ('1', '4', '2104152138024', '沉默的巡游', '1', '050213425661', '999', '2025-05-02 13:42:55', '2025-05-08 13:42:00', '2025-05-09 13:46:00', '11');
INSERT INTO `tushuxujie` VALUES ('2', '5', '2104152136532', '解忧杂货店', '5', '050214067018', '666', '2025-05-02 14:06:16', '2025-05-04 14:06:00', '2025-05-05 14:07:00', '是的发生的');

-- ----------------------------
-- Table structure for `tushuzhonglei`
-- ----------------------------
DROP TABLE IF EXISTS `tushuzhonglei`;
CREATE TABLE `tushuzhonglei` (
  `id` int(10) unsigned NOT NULL AUTO_INCREMENT,
  `fenleimingcheng` varchar(255) NOT NULL DEFAULT '' COMMENT '分类名称',
  PRIMARY KEY (`id`)
) ENGINE=InnoDB AUTO_INCREMENT=7 DEFAULT CHARSET=utf8mb4 COMMENT='图书种类';

-- ----------------------------
-- Records of tushuzhonglei
-- ----------------------------
INSERT INTO `tushuzhonglei` VALUES ('1', '历史文化');
INSERT INTO `tushuzhonglei` VALUES ('2', '军事政治');
INSERT INTO `tushuzhonglei` VALUES ('3', '儿童教育');
INSERT INTO `tushuzhonglei` VALUES ('4', '科技生活');
INSERT INTO `tushuzhonglei` VALUES ('5', '小说文艺');
INSERT INTO `tushuzhonglei` VALUES ('6', '励志经管');

-- ----------------------------
-- Table structure for `yonghu`
-- ----------------------------
DROP TABLE IF EXISTS `yonghu`;
CREATE TABLE `yonghu` (
  `id` int(10) unsigned NOT NULL AUTO_INCREMENT,
  `yonghuming` varchar(50) NOT NULL DEFAULT '' COMMENT '用户名',
  `mima` varchar(50) NOT NULL DEFAULT '' COMMENT '密码',
  `xingming` varchar(50) NOT NULL DEFAULT '' COMMENT '姓名',
  `xingbie` varchar(10) NOT NULL DEFAULT '' COMMENT '性别',
  `shouji` varchar(50) NOT NULL DEFAULT '' COMMENT '手机',
  `jianjie` text NOT NULL COMMENT '简介',
  `touxiang` varchar(255) NOT NULL DEFAULT '' COMMENT '头像',
  `openid` varchar(50) NOT NULL DEFAULT '' COMMENT 'openid',
  PRIMARY KEY (`id`)
) ENGINE=InnoDB AUTO_INCREMENT=3 DEFAULT CHARSET=utf8mb4 COMMENT='用户';

-- ----------------------------
-- Records of yonghu
-- ----------------------------
INSERT INTO `yonghu` VALUES ('1', '999', '999', '张丹峰', '男', '13499999999', 'XXXX', '/upload/5f04d0f2268642fd8e33edacba72a5e5.png', '');
INSERT INTO `yonghu` VALUES ('2', '666', '666', '勇往直前', '男', '13466666666', '111', 'https://thirdwx.qlogo.cn/mmopen/vi_32/PiajxSqBRaEJQ6AlPZKic5plVmTUvFjxVvXiaNfhwgicDhqZOvrLlOLFicpntocQ18JzzUpmPs7mvUN7Swf2PoVjJ9dgnvpEpTbeUAmOmEYwUarUNonr7iayN2ibA/132', 'oNJBF5XthTlHd1y3vJmxP3XaNTSE');
